FileName,MS,TDR,ebike,equity,carMiles,carMilesR,carMiles.pers,carMilesR.pers,carMilesCycled,milesCycled.pers,milesCycled.male,milesCycled.female,milesCycled.white,milesCycled.nonwhite,milesCycled.caraccess,milesCycled.noncaraccess,METh,METhincr,MMETh,MMETh.pers,MMEThincr,CO2.Tm,CO2R.perc,CO2.pers,TripDisIncSW,TripTotalTime1,timeSaved.Total.h,timeSavedCyclists.perc,nocarTrips.people.perc,nocar.males.perc,nocar.females.perc,nocar.white.perc,nocar.nonwhite.perc,nocar.caraccess,nocar.noncaraccess,nopeople,nocyclists,newcyclists,cyclists.perc,cyclists.incr,cyclist.male.perc,cyclist.female.perc,cyclist.white.perc,cyclist.nonwhite.perc,cyclist.caraccess.perc,cyclist.noncaraccess.perc,cyclist.nssec1.perc,cyclist.nssec2.perc,cyclist.nssec3.perc,cyclist.nssec4.perc,cyclist.nssec5.perc,trips.nssec1.perc,trips.nssec2.perc,trips.nssec3.perc,trips.nssec4.perc,trips.nssec5.perc,trips.age20.39.perc,trips.age40.59.perc,trips.age60plus.perc,nopeopleWithTrips,People.with.NoTrips,YLL.20.39.Males,YLL.20.39.Females,YLL.20.39.All,YLL.40.59.Males,YLL.40.59.Females,YLL.40.59.All,YLL.60p.Males,YLL.60p.Females,YLL.60p.All,YLL.total
baseline.csv,0,1,0,0,1652444.6,-0.1,99.4,0,0,0,0,0,0,0,0,0,96187.8,0,76086.1,5.2,0,399.07,0,0.02399988,2050181,0,106267.7,NaN,21.7,22.7,20.8,19.8,38.8,14.3,52.7,14502,713,0,4.3,0,6.2,2.5,4.5,2.6,4.2,4.6,5.2,3.3,4,3.3,5,1.8,1.3,2.1,1.7,2.9,2.4,1.9,1,14502,2126,0,0,0,0,0,0,0,0,0,0
IIyear.MS1_TDR0.7_ebik0_eq0.csv,1,0.7,0,0,1148541.2,503903.4,69.1,30.3,8170,0.61,0.99,0.25,0.62,0.49,0.68,0.3,95711.7,-476.1,75835.2,5.2,-250.9,277.37,30.5,0.0166809,1435127,4503005.4,31217.6,81.5,21.7,22.7,20.8,19.8,38.8,14.4,52.9,14502,1334,658,8,87.1,11.9,4.9,8.2,6.4,8,8.1,9.1,6.7,8.3,8.1,9.4,6.4,5.3,7.2,8.5,8.4,8.5,6.9,4,14502,2126,2575.703326,57.93146128,2633.634787,4769.310336,445.505019,5214.815355,7159.485338,887.9335022,8047.41884,15895.86898
IIyear.MS1_TDR0.7_ebik0_eq1.csv,1,0.7,0,1,1148753.5,503691.1,69.1,30.3,7957.7,0.58,0.62,0.54,0.6,0.35,0.65,0.27,95598,-589.8,75746.4,5.2,-339.7,277.42,30.5,0.016683907,1435127,4503345.2,31211.9,82.1,21.8,22.8,20.9,19.8,38.9,14.4,53,14502,1348,663,8.1,89.1,10.4,6.7,8.4,5.5,8.1,8.2,9.4,7.1,8.3,8.4,8.8,6.6,5.5,7.2,8.1,8,7.3,6.5,6.1,14502,2126,-206.0465348,287.6671125,81.62057771,1387.555197,1827.309081,3214.864278,8508.868073,9622.334052,18131.20213,21427.68698
IIyear.MS1_TDR0.7_ebik1_eq0.csv,1,0.7,1,0,1146994.2,505450.4,69,30.4,9717,0.73,1.07,0.41,0.74,0.62,0.81,0.38,94577.9,-1609.9,74534.2,5.1,-1551.9,277,30.6,0.016658648,1435127,4507303.9,31146,85.2,21.8,22.8,20.8,19.8,38.8,14.4,52.8,14502,1349,676,8.1,89.2,11.9,4.9,8.3,6.5,8.1,8.1,9.1,6.7,8.3,8.1,9.4,6.4,5.3,7.2,8.5,8.4,8.5,6.9,4,14502,2126,1722.501475,8.268700125,1730.770175,2786.320299,611.1779468,3397.498246,5185.774255,1239.196543,6424.970797,11553.23922
IIyear.MS1_TDR0.7_ebik1_eq1.csv,1,0.7,1,1,1146640.4,505804.2,69,30.4,10070.8,0.73,0.79,0.67,0.75,0.57,0.82,0.35,94645.3,-1542.5,74585.6,5.1,-1500.5,276.91,30.6,0.016653236,1435127,4508788.1,31121.2,86.5,21.8,22.8,20.9,19.8,38.8,14.4,53,14502,1367,685,8.2,91.7,10.4,6.7,8.5,5.9,8.2,8.4,9.4,7.1,8.3,8.4,8.8,6.6,5.5,7.2,8.1,8,7.3,6.5,6.1,14502,2126,-333.1025565,100.7400752,-232.3624813,727.8809617,1224.892208,1952.77317,6204.051786,8164.37996,14368.43175,16088.84243
IIyear.MS1_TDR0.8_ebik0_eq0.csv,1,0.8,0,0,1313720.8,338723.8,79,20.4,8234.8,0.62,1.01,0.26,0.64,0.47,0.69,0.32,97094,906.2,76985.8,5.3,899.7,317.26,20.5,0.019079865,1640145,5125983.4,20834.6,85.9,21.8,22.8,20.8,19.8,38.8,14.4,52.9,14502,1321,643,7.9,85.3,11.9,4.9,8.1,6.4,7.9,8,9.1,6.7,8.3,8.1,9.4,6.4,5.3,7.2,8.5,8.4,8.5,6.9,4,14502,2126,3128.812434,257.811041,3386.623475,5520.297386,783.9127789,6304.210165,8090.448155,652.8536254,8743.301781,18434.13542
IIyear.MS1_TDR0.8_ebik0_eq1.csv,1,0.8,0,1,1313896.4,338548.2,79,20.4,8059.3,0.6,0.63,0.56,0.62,0.38,0.66,0.31,96956.8,769,76883,5.3,796.9,317.31,20.5,0.019082872,1640145,5126599.6,20824.4,86.8,21.7,22.7,20.8,19.8,38.8,14.4,52.8,14502,1353,670,8.1,89.8,10.4,6.7,8.4,5.8,8.1,8.3,9.4,7.1,8.3,8.4,8.8,6.6,5.5,7.2,8.1,8,7.3,6.5,6.1,14502,2126,420.9348092,389.1456689,810.0804781,1845.219188,1854.462598,3699.681786,9347.148337,10431.50246,19778.65079,24288.41306
IIyear.MS1_TDR0.8_ebik1_eq0.csv,1,0.8,1,0,1311234.8,341209.8,78.9,20.5,10720.8,0.79,1.18,0.44,0.82,0.55,0.88,0.4,96352.7,164.9,75980.3,5.2,-105.8,316.66,20.7,0.019043782,1640145,5134681.4,20689.7,96.1,21.8,22.8,20.8,19.8,38.8,14.4,52.9,14502,1348,673,8.1,89.1,11.9,4.9,8.3,6.6,8.1,8.2,9.1,6.7,8.3,8.1,9.4,6.4,5.3,7.2,8.5,8.4,8.5,6.9,4,14502,2126,2281.056723,217.7132415,2498.769964,3995.384978,834.7966163,4830.181594,6722.216056,1502.511134,8224.72719,15553.67875
IIyear.MS1_TDR0.8_ebik1_eq1.csv,1,0.8,1,1,1311246.5,341198.1,78.9,20.5,10709.1,0.78,0.83,0.73,0.8,0.57,0.87,0.39,96389,201.2,76008,5.2,-78.1,316.67,20.6,0.019044383,1640145,5136410.8,20660.8,98.2,21.8,22.8,20.9,19.8,39.1,14.4,53,14502,1366,682,8.2,91.6,10.4,6.7,8.5,5.9,8.2,8.5,9.4,7.1,8.3,8.4,8.8,6.6,5.5,7.2,8.1,8,7.3,6.5,6.1,14502,2126,182.5233184,267.5845014,450.1078198,1562.47686,1624.511425,3186.988285,7452.387311,8722.208198,16174.59551,19811.69161
IIyear.MS1_TDR0.9_ebik0_eq0.csv,1,0.9,0,0,1479040.1,173404.4,88.9,10.4,8160,0.62,1.01,0.26,0.63,0.55,0.69,0.33,98344.1,2156.3,78023,5.4,1936.9,357.19,10.5,0.021481236,1845163,5751110.8,10415.8,93.4,21.8,22.8,20.8,19.8,38.9,14.4,53,14502,1324,648,8,85.7,11.9,4.9,8.1,6.5,7.9,8.1,9.1,6.7,8.3,8.1,9.4,6.4,5.3,7.2,8.5,8.4,8.5,6.9,4,14502,2126,3860.896748,236.5903685,4097.487117,6508.108202,972.1058889,7480.214091,8267.655753,1595.77131,9863.427064,21441.12827
IIyear.MS1_TDR0.9_ebik0_eq1.csv,1,0.9,0,1,1478777.2,173667.4,88.9,10.4,8422.9,0.63,0.65,0.6,0.66,0.36,0.69,0.37,98743.7,2555.9,78362.2,5.4,2276.1,357.12,10.5,0.021477027,1845163,5754232.4,10363.8,98.1,21.8,22.8,20.9,19.9,38.8,14.4,53.1,14502,1349,666,8.1,89.2,10.4,6.7,8.4,5.8,8.1,8.3,9.4,7.1,8.3,8.4,8.8,6.6,5.5,7.2,8.1,8,7.3,6.5,6.1,14502,2126,906.8245449,384.9443416,1291.768887,2382.902199,2407.048291,4789.95049,10816.3906,12061.0801,22877.4707,28959.19008
IIyear.MS1_TDR0.9_ebik1_eq0.csv,1,0.9,1,0,1475736,176708.6,88.8,10.6,11464.1,0.85,1.25,0.48,0.86,0.73,0.95,0.42,98034.8,1847,77354.6,5.3,1268.5,356.39,10.7,0.021433125,1845163,5762855,10220.1,108.4,21.8,22.8,20.9,19.9,38.8,14.4,52.8,14502,1341,668,8.1,88.1,11.9,4.9,8.2,6.7,8.1,8.1,9.1,6.7,8.3,8.1,9.4,6.4,5.3,7.2,8.5,8.4,8.5,6.9,4,14502,2126,2347.386856,331.7095669,2679.096422,4651.84689,1143.431657,5795.278547,8625.862227,2197.968446,10823.83067,19298.20564
IIyear.MS1_TDR0.9_ebik1_eq1.csv,1,0.9,1,1,1475551.8,176892.8,88.7,10.6,11648.2,0.85,0.95,0.75,0.88,0.56,0.94,0.43,98193.8,2006,77477.7,5.3,1391.6,356.35,10.7,0.021430719,1845163,5765342.5,10178.6,111.4,21.8,22.7,20.8,19.8,38.8,14.4,52.9,14502,1370,687,8.2,92.1,10.4,6.7,8.5,5.9,8.2,8.5,9.4,7.1,8.3,8.4,8.8,6.6,5.5,7.2,8.1,8,7.3,6.5,6.1,14502,2126,490.0534168,408.2326538,898.2860706,2583.869633,1800.835228,4384.704861,9651.738121,9949.395878,19601.134,24884.12493
IIyear.MS1_TDR1_ebik0_eq0.csv,1,1,0,0,1643851.5,8593.1,98.9,0.5,8593.1,0.65,1.06,0.28,0.66,0.55,0.72,0.37,99965.3,3777.5,79371.2,5.5,3285.1,396.99,0.5,0.02387479,2050181,6377912,-30.9,103,21.8,22.8,20.8,19.9,38.8,14.4,53,14502,1320,643,7.9,85.1,11.9,4.9,8.1,6.7,7.9,8.1,9.1,6.7,8.3,8.1,9.4,6.4,5.3,7.2,8.5,8.4,8.5,6.9,4,14502,2126,4427.695183,297.4022534,4725.097436,7542.96428,1156.055222,8699.019502,9726.609152,2207.048734,11933.65789,25357.77482
IIyear.MS1_TDR1_ebik0_eq1.csv,1,1,0,1,1643507.4,8937.2,98.8,0.5,8937.1,0.65,0.67,0.64,0.68,0.43,0.73,0.33,100336.6,4148.8,79687.5,5.5,3601.4,396.91,0.5,0.023869978,2050181,6380260,-70,106.7,21.7,22.7,20.8,19.8,38.8,14.4,52.9,14502,1342,659,8.1,88.2,10.4,6.7,8.3,5.7,8.1,8.1,9.4,7.1,8.3,8.4,8.8,6.6,5.5,7.2,8.1,8,7.3,6.5,6.1,14502,2126,1180.915869,550.7870663,1731.702935,3790.099492,2578.249728,6368.34922,10786.16258,12575.23228,23361.39486,31461.44701
IIyear.MS1_TDR1_ebik1_eq0.csv,1,1,1,0,1641222.8,11221.8,98.7,0.7,11221.8,0.84,1.23,0.48,0.85,0.69,0.93,0.42,99206.1,3018.3,78330.9,5.4,2244.8,396.36,0.7,0.023836902,2050181,6386986,-182.1,115.4,21.7,22.7,20.8,19.8,38.8,14.4,52.8,14502,1335,658,8,87.2,11.9,4.9,8.2,6.5,8.1,8,9.1,6.7,8.3,8.1,9.4,6.4,5.3,7.2,8.5,8.4,8.5,6.9,4,14502,2126,2568.568155,311.5085191,2880.076674,5595.243347,1299.058779,6894.302126,10108.61039,1968.468334,12077.07873,21851.45753
IIyear.MS1_TDR1_ebik1_eq1.csv,1,1,1,1,1640536.6,11907.9,98.7,0.7,11908,0.87,0.95,0.79,0.91,0.51,0.97,0.44,99423.3,3235.5,78498.4,5.4,2412.3,396.19,0.7,0.023826678,2050181,6388592,-208.8,116.7,21.8,22.8,20.9,19.9,38.8,14.4,53.1,14502,1354,671,8.1,89.9,10.4,6.7,8.4,5.7,8.1,8.3,9.4,7.1,8.3,8.4,8.8,6.6,5.5,7.2,8.1,8,7.3,6.5,6.1,14502,2126,834.2813521,410.8957312,1245.177083,3519.232375,2089.900838,5609.133213,10580.84357,10242.09239,20822.93595,27677.24625
IIyear.MS16_TDR0.7_ebik0_eq0.csv,16,0.7,0,0,1089520.1,562924.4,65.5,33.9,67191.1,4.94,7.29,2.79,5.04,4.03,5.57,2.27,123234.5,27046.7,100156.1,6.9,24070,263.12,34.1,0.015823911,1435127,4558447.5,30293.6,80.7,22.2,23.3,21.1,20.2,39.7,14.6,54,14502,6074,5658,36.5,751.9,50.1,28.6,36.7,34.5,37.8,31.2,41.1,36.1,38,35.7,42.7,44.4,39.9,43.6,44.8,50.4,49.7,47.6,31.2,14502,2126,19880.01673,4528.779857,24408.79659,47900.33347,16305.53825,64205.87172,99361.56465,29979.42983,129340.9945,217955.6628
IIyear.MS16_TDR0.7_ebik0_eq1.csv,16,0.7,0,1,1083936.8,568507.8,65.2,34.2,72774.4,5.39,5.56,5.24,5.55,4.04,6.04,2.68,128304.1,32116.3,104554.6,7.2,28468.5,261.77,34.4,0.015742723,1435127,4576787.1,29987.9,82.4,22.3,23.4,21.4,20.4,39.8,14.7,54.8,14502,6634,6209,39.9,830.4,43.8,40.7,40.3,36,40.9,35.9,43.1,41.4,42.4,39.2,40.7,46.1,46,47.1,49.8,48.5,48.4,45.8,45.7,14502,2126,11844.62467,7001.215243,18845.83991,31128.0819,25576.51678,56704.59868,129960.534,100203.5832,230164.1173,305714.5559
IIyear.MS16_TDR0.7_ebik1_eq0.csv,16,0.7,1,0,1067411.1,585033.4,64.2,35.2,89300,6.52,8.56,4.66,6.68,5.13,7.38,2.89,118822.7,22634.9,93274.3,6.4,17188.2,257.78,35.4,0.015502766,1435127,4637049.4,28983.5,90,22.4,23.6,21.3,20.4,40.2,14.7,55,14502,6219,5808,37.4,772.2,50.1,28.6,37.6,35.8,38.7,32.1,41.1,36.1,38,35.7,42.7,44.4,39.9,43.6,44.8,50.4,49.7,47.6,31.2,14502,2126,14267.7666,4752.567684,19020.33429,36599.50008,16893.26769,53492.76777,92897.23523,38784.70242,131681.9376,204195.0397
IIyear.MS16_TDR0.7_ebik1_eq1.csv,16,0.7,1,1,1064635.7,587808.9,64,35.4,92075.5,6.72,7.13,6.35,6.95,4.7,7.57,3.13,119910.7,23722.9,94109.8,6.5,18023.7,257.11,35.6,0.015462473,1435127,4644867.6,28853.2,90,22.5,23.4,21.7,20.6,39.8,14.8,55,14502,6720,6293,40.4,842.5,43.8,40.7,40.9,36.1,41.4,36.5,43.1,41.4,42.4,39.2,40.7,46.1,46,47.1,49.8,48.5,48.4,45.8,45.7,14502,2126,9591.955231,5315.700447,14907.65568,28344.65934,20280.06399,48624.72333,103909.3749,81453.15402,185362.5289,248894.9079
IIyear.MS16_TDR0.8_ebik0_eq0.csv,16,0.8,0,0,1252105.7,400338.9,75.3,24.1,69849.9,5.15,7.56,2.95,5.24,4.33,5.78,2.48,128985.7,32797.9,104860.1,7.2,28774,302.38,24.2,0.018184989,1640145,5165423.2,20177.3,87.7,22.3,23.4,21.2,20.3,39.5,14.7,54.4,14502,6052,5624,36.4,748.8,50.1,28.6,36.6,34.1,37.7,31,41.1,36.1,38,35.7,42.7,44.4,39.9,43.6,44.8,50.4,49.7,47.6,31.2,14502,2126,22420.1357,4999.368113,27419.50382,51221.37613,17673.06102,68894.43715,105764.3998,32374.59866,138138.9985,234452.9394
IIyear.MS16_TDR0.8_ebik0_eq1.csv,16,0.8,0,1,1245262.8,407181.8,74.9,24.5,76692.9,5.68,5.66,5.7,5.85,4.17,6.31,3.02,135301.6,39113.8,110293.3,7.6,34207.2,300.73,24.6,0.018085759,1640145,5189702,19772.7,90.7,22.2,23.2,21.4,20.3,39.7,14.6,54.4,14502,6600,6171,39.7,825.7,43.8,40.7,40.2,34.8,40.6,35.9,43.1,41.4,42.4,39.2,40.7,46.1,46,47.1,49.8,48.5,48.4,45.8,45.7,14502,2126,12688.56471,7926.41485,20614.97955,33191.04902,28185.91514,61376.96416,132470.4581,113408.4991,245878.9572,327870.9009
IIyear.MS16_TDR0.8_ebik1_eq0.csv,16,0.8,1,0,1227065.1,425379.4,73.8,25.6,94890.5,6.93,9,5.05,7.11,5.31,7.84,3.09,125382.4,29194.6,98456.3,6.8,22370.2,296.34,25.7,0.017821746,1640145,5261283.2,18579.6,100.7,22.3,23.4,21.3,20.3,40.1,14.7,54.5,14502,6159,5745,37,763.8,50.1,28.6,37.2,35.2,38.4,31.6,41.1,36.1,38,35.7,42.7,44.4,39.9,43.6,44.8,50.4,49.7,47.6,31.2,14502,2126,15040.97684,5327.814733,20368.79157,40755.01279,19287.60124,60042.61403,99519.42951,39481.99781,139001.4273,219412.8329
IIyear.MS16_TDR0.8_ebik1_eq1.csv,16,0.8,1,1,1223515.7,428928.9,73.6,25.8,98439.9,7.22,7.55,6.92,7.46,5.07,8.11,3.45,126946.4,30758.6,99660.9,6.9,23574.8,295.48,26,0.017770026,1640145,5264022.2,18534,99.5,22.4,23.4,21.4,20.4,39.7,14.7,54.9,14502,6724,6301,40.4,843.1,43.8,40.7,40.9,36.5,41.3,36.8,43.1,41.4,42.4,39.2,40.7,46.1,46,47.1,49.8,48.5,48.4,45.8,45.7,14502,2126,10584.4712,5874.552991,16459.02419,30922.85353,23233.10022,54155.95375,113122.6579,90667.77606,203790.4339,274405.4119
IIyear.MS16_TDR0.9_ebik0_eq0.csv,16,0.9,0,0,1415263.5,237181.1,85.1,14.3,71936.6,5.34,7.96,2.96,5.45,4.41,6,2.57,134471.7,38283.9,109340.8,7.5,33254.7,341.79,14.4,0.020555088,1845163,5784418.5,9860.7,96.6,22.2,23.3,21.2,20.3,39.6,14.6,54.5,14502,6014,5592,36.2,743.5,50.1,28.6,36.4,34.4,37.5,30.8,41.1,36.1,38,35.7,42.7,44.4,39.9,43.6,44.8,50.4,49.7,47.6,31.2,14502,2126,23148.13159,5448.449926,28596.58152,55459.60169,19052.4614,74512.06309,114320.4417,34868.04223,149188.4839,252297.1285
IIyear.MS16_TDR0.9_ebik0_eq1.csv,16,0.9,0,1,1407822.2,244622.4,84.7,14.7,79377.9,5.89,5.93,5.85,6.06,4.42,6.56,3.08,141317.3,45129.5,115210.1,7.9,39124,339.99,14.8,0.020446837,1845163,5807173.7,9481.5,99.7,22.2,23.1,21.4,20.3,39.7,14.6,54.2,14502,6549,6123,39.4,818.5,43.8,40.7,39.8,35.5,40.2,35.9,43.1,41.4,42.4,39.2,40.7,46.1,46,47.1,49.8,48.5,48.4,45.8,45.7,14502,2126,15515.51722,7884.245841,23399.76306,36505.2266,28516.93773,65022.16433,140784.9994,112489.4557,253274.4551,341696.3824
IIyear.MS16_TDR0.9_ebik1_eq0.csv,16,0.9,1,0,1389291.1,263153.4,83.6,15.8,97909,7.17,9.41,5.12,7.35,5.47,8.1,3.21,130478,34290.2,102498.7,7.1,26412.6,335.51,15.9,0.020177412,1845163,5878590.3,8291.2,110.3,22.3,23.3,21.3,20.3,39.9,14.7,54.3,14502,6158,5751,37,763.7,50.1,28.6,37.2,35,38.3,31.7,41.1,36.1,38,35.7,42.7,44.4,39.9,43.6,44.8,50.4,49.7,47.6,31.2,14502,2126,17937.33769,5618.152152,23555.48984,42720.04788,19382.09979,62102.14767,106289.9251,44014.80201,150304.7271,235962.3646
IIyear.MS16_TDR0.9_ebik1_eq1.csv,16,0.9,1,1,1385237.1,267207.4,83.3,16.1,101963,7.55,7.73,7.39,7.8,5.38,8.48,3.65,132761.6,36573.8,104262.4,7.2,28176.3,334.53,16.2,0.020118475,1845163,5881401.5,8244.3,108.9,22.2,23.2,21.3,20.3,39.4,14.6,54.3,14502,6681,6256,40.2,837,43.8,40.7,40.7,35.7,41.1,36.3,43.1,41.4,42.4,39.2,40.7,46.1,46,47.1,49.8,48.5,48.4,45.8,45.7,14502,2126,12178.97449,6704.19017,18883.16466,32245.39916,24236.22211,56481.62127,116546.8784,93543.48328,210090.3616,285455.1476
IIyear.MS16_TDR1_ebik0_eq0.csv,16,1,0,0,1580754.4,71690.2,95.1,4.3,71690.2,5.37,8.01,2.96,5.46,4.58,6,2.69,138222.3,42034.5,112353.2,7.7,36267.1,381.75,4.3,0.022958263,2050181,6391437,-256.3,103,22.2,23.3,21.1,20.2,39.4,14.6,54,14502,5989,5563,36,740,50.1,28.6,36.2,34.5,37.3,30.5,41.1,36.1,38,35.7,42.7,44.4,39.9,43.6,44.8,50.4,49.7,47.6,31.2,14502,2126,24974.82791,5369.337731,30344.16564,57748.04167,19050.23175,76798.27342,116921.2567,35022.50233,151943.7591,259086.1981
IIyear.MS16_TDR1_ebik0_eq1.csv,16,1,0,1,1570280.7,82163.9,94.4,4.9,82163.8,6.15,6.06,6.23,6.31,4.72,6.84,3.25,147491.2,51303.4,120280.5,8.3,44194.4,379.22,5,0.02280611,2050181,6416936,-681.2,107,22.2,23.1,21.5,20.3,39.8,14.6,54.5,14502,6542,6112,39.3,817.5,43.8,40.7,39.8,35,40.2,35.7,43.1,41.4,42.4,39.2,40.7,46.1,46,47.1,49.8,48.5,48.4,45.8,45.7,14502,2126,15855.05579,8606.507167,24461.56295,38530.33565,31547.31509,70077.65074,143785.617,115953.5976,259739.2145,354278.4282
IIyear.MS16_TDR1_ebik1_eq0.csv,16,1,1,0,1549256.2,103188.4,93.2,6.2,103188.3,7.56,9.7,5.61,7.75,5.86,8.54,3.4,136070.9,39883.1,106922.4,7.4,30836.3,374.15,6.2,0.022501203,2050181,6491879,-1930.3,118.4,22.2,23.3,21.2,20.2,39.7,14.6,54.3,14502,6143,5728,36.9,761.6,50.1,28.6,37.1,35.4,38.3,31.4,41.1,36.1,38,35.7,42.7,44.4,39.9,43.6,44.8,50.4,49.7,47.6,31.2,14502,2126,18897.99879,6413.604787,25311.60358,45291.23599,21188.75363,66479.98962,111862.4988,45052.82172,156915.3205,248706.9137
IIyear.MS16_TDR1_ebik1_eq1.csv,16,1,1,1,1543862.1,108582.4,92.8,6.5,108582.5,8.04,8.26,7.84,8.28,5.9,9.03,3.86,139555.5,43367.7,109622.4,7.6,33536.3,372.84,6.6,0.02242242,2050181,6502741,-2111.3,118.4,22.3,23.3,21.4,20.3,39.8,14.6,54.7,14502,6638,6216,39.9,831,43.8,40.7,40.4,35.4,40.8,36.2,43.1,41.4,42.4,39.2,40.7,46.1,46,47.1,49.8,48.5,48.4,45.8,45.7,14502,2126,14259.66599,7687.238611,21946.9046,35395.85917,26273.7223,61669.58147,122679.731,101115.1736,223794.9045,307411.3906
IIyear.MS2_TDR0.7_ebik0_eq0.csv,2,0.7,0,0,1141758.4,510686.2,68.7,30.7,14952.8,1.13,1.84,0.48,1.15,0.96,1.26,0.6,98588.7,2400.9,78420.4,5.4,2334.3,275.73,30.9,0.016582271,1435127,4504895.7,31186.1,77.2,21.8,22.9,20.8,19.9,38.9,14.4,53.2,14502,1920,1284,11.5,169.3,17.3,7.3,11.8,9.6,11.6,11.4,13.1,10.1,11.9,11.5,13.5,10.9,9.2,11.6,13.3,14,13.4,12,6.9,14502,2126,4804.272833,361.2393347,5165.512167,11174.97971,2021.063851,13196.04356,14778.18001,4180.427356,18958.60737,37320.1631
IIyear.MS2_TDR0.7_ebik0_eq1.csv,2,0.7,0,1,1141760.3,510684.2,68.7,30.7,14950.8,1.11,1.19,1.04,1.14,0.89,1.23,0.62,99359.3,3171.5,79046.8,5.5,2960.7,275.74,30.9,0.016582872,1435127,4511409.1,31077.5,82.2,21.8,22.8,20.9,19.9,38.8,14.4,53.1,14502,1939,1285,11.7,171.9,14.1,10.3,11.9,9.2,11.7,11.7,13.1,10.6,12.3,11.2,12.4,10.8,9.5,11.9,12.3,12.1,11.8,10.4,10.8,14502,2126,2785.240765,1134.988214,3920.228979,4532.04615,4154.496517,8686.542667,24870.88891,22389.90676,47260.79567,59867.56731
IIyear.MS2_TDR0.7_ebik1_eq0.csv,2,0.7,1,0,1137650.2,514794.4,68.4,31,19061,1.43,2.11,0.8,1.45,1.21,1.59,0.74,97144.3,956.5,76514.8,5.3,428.7,274.74,31.2,0.016522733,1435127,4520427.1,30927.2,85.9,21.9,23,20.9,20,39.1,14.4,53.3,14502,1931,1297,11.6,170.8,17.3,7.3,11.8,9.9,11.7,11.3,13.1,10.1,11.9,11.5,13.5,10.9,9.2,11.6,13.3,14,13.4,12,6.9,14502,2126,2943.507534,447.8591912,3391.366725,7574.014384,1882.867698,9456.882082,12764.5869,5055.943594,17820.5305,30668.7793
IIyear.MS2_TDR0.7_ebik1_eq1.csv,2,0.7,1,1,1138291.7,514152.9,68.5,30.9,18419.5,1.36,1.47,1.25,1.39,1.06,1.52,0.68,97388.6,1200.8,76705.9,5.3,619.8,274.9,31.1,0.016532355,1435127,4522141.7,30898.7,87.5,21.8,22.8,20.9,19.9,38.9,14.4,53.1,14502,1957,1301,11.8,174.5,14.1,10.3,12,9.5,11.8,11.8,13.1,10.6,12.3,11.2,12.4,10.8,9.5,11.9,12.3,12.1,11.8,10.4,10.8,14502,2126,1405.296046,800.2850359,2205.581082,3281.842355,3274.51864,6556.360995,17538.95775,17701.10642,35240.06416,44002.00624
IIyear.MS2_TDR0.8_ebik0_eq0.csv,2,0.8,0,0,1306029.9,346414.7,78.5,20.8,15925.8,1.19,1.89,0.55,1.21,0.98,1.32,0.65,100844.5,4656.7,80284.4,5.5,4198.3,315.41,21,0.018968607,1640145,5129799.4,20771,86,21.9,23,20.9,19.9,39,14.4,53.2,14502,1894,1256,11.4,165.6,17.3,7.3,11.6,9.4,11.5,11.2,13.1,10.1,11.9,11.5,13.5,10.9,9.2,11.6,13.3,14,13.4,12,6.9,14502,2126,5541.006203,628.2542035,6169.260406,12386.63335,2384.77677,14771.41012,16945.9063,4757.280285,21703.18659,42643.85712
IIyear.MS2_TDR0.8_ebik0_eq1.csv,2,0.8,0,1,1306276.6,346167.9,78.6,20.8,15679.1,1.16,1.2,1.11,1.19,0.81,1.29,0.58,101390.2,5202.4,80728.1,5.6,4642,315.47,20.9,0.018972216,1640145,5135639.6,20673.7,90.7,21.8,22.7,21,19.9,38.8,14.4,53.1,14502,1931,1274,11.6,170.8,14.1,10.3,11.9,9.2,11.6,11.6,13.1,10.6,12.3,11.2,12.4,10.8,9.5,11.9,12.3,12.1,11.8,10.4,10.8,14502,2126,3248.348074,1353.733613,4602.081687,5052.031692,4804.365739,9856.397431,24158.15947,27636.58469,51794.74416,66253.22327
IIyear.MS2_TDR0.8_ebik1_eq0.csv,2,0.8,1,0,1301873.6,350570.9,78.3,21.1,20082,1.5,2.19,0.87,1.55,1.01,1.68,0.74,99285.8,3098,78248.1,5.4,2162,314.4,21.2,0.018907866,1640145,5146005.6,20500.9,95.9,21.8,22.9,20.9,19.9,39.2,14.4,53.1,14502,1929,1293,11.6,170.5,17.3,7.3,11.8,9.7,11.7,11.3,13.1,10.1,11.9,11.5,13.5,10.9,9.2,11.6,13.3,14,13.4,12,6.9,14502,2126,3953.784642,544.8620451,4498.646687,9208.875026,2366.898216,11575.77324,14716.42536,5874.394362,20590.81972,36665.23965
IIyear.MS2_TDR0.8_ebik1_eq1.csv,2,0.8,1,1,1301559.6,350884.9,78.3,21.1,20396,1.49,1.6,1.39,1.52,1.23,1.67,0.74,99971.1,3783.3,78782.3,5.4,2696.2,314.33,21.2,0.018903656,1640145,5151006.4,20417.6,99.2,21.8,22.8,21,19.9,39.1,14.4,53.3,14502,1956,1301,11.8,174.3,14.1,10.3,12,9.8,11.7,11.9,13.1,10.6,12.3,11.2,12.4,10.8,9.5,11.9,12.3,12.1,11.8,10.4,10.8,14502,2126,2467.73013,1142.084884,3609.815014,4771.521793,3780.663197,8552.18499,20788.16684,22196.0531,42984.21994,55146.21994
IIyear.MS2_TDR0.9_ebik0_eq0.csv,2,0.9,0,0,1470653.6,181790.9,88.4,10.9,16546.5,1.26,2.06,0.53,1.28,1.08,1.4,0.67,103077.1,6889.3,82135,5.7,6048.9,355.16,11,0.021359153,1845163,5752757.4,10388.4,92.9,21.8,22.9,20.9,19.9,39,14.4,53.3,14502,1900,1264,11.4,166.5,17.3,7.3,11.6,9.5,11.5,11.1,13.1,10.1,11.9,11.5,13.5,10.9,9.2,11.6,13.3,14,13.4,12,6.9,14502,2126,6517.411445,626.3393261,7143.750771,13737.81371,2207.516348,15945.33006,18559.77627,6458.50021,25018.27648,48107.35731
IIyear.MS2_TDR0.9_ebik0_eq1.csv,2,0.9,0,1,1471043.5,181401.1,88.5,10.9,16156.6,1.2,1.23,1.17,1.24,0.84,1.34,0.6,103436.3,7248.5,82416.9,5.7,6330.8,355.26,11,0.021365167,1845163,5760729.5,10255.5,99.7,21.8,22.8,21,19.9,38.9,14.4,53.2,14502,1933,1278,11.6,171.1,14.1,10.3,11.8,9.6,11.6,11.7,13.1,10.6,12.3,11.2,12.4,10.8,9.5,11.9,12.3,12.1,11.8,10.4,10.8,14502,2126,3587.966346,1365.062369,4953.028715,6005.028987,5525.293297,11530.32228,26170.27893,28148.12962,54318.40855,70801.75955
IIyear.MS2_TDR0.9_ebik1_eq0.csv,2,0.9,1,0,1465991.1,186453.4,88.2,11.2,21209,1.6,2.28,0.98,1.63,1.35,1.78,0.84,101470.5,5282.7,80014.2,5.5,3928.1,354.04,11.3,0.021291797,1845163,5770814.9,10087.4,104.7,21.8,22.9,20.9,19.9,38.9,14.4,53.2,14502,1933,1294,11.6,171.1,17.3,7.3,11.8,9.8,11.7,11.6,13.1,10.1,11.9,11.5,13.5,10.9,9.2,11.6,13.3,14,13.4,12,6.9,14502,2126,5091.867014,876.1040244,5967.971039,9861.348634,2908.145076,12769.49371,16969.91334,6742.144148,23712.05749,42449.52224
IIyear.MS2_TDR0.9_ebik1_eq1.csv,2,0.9,1,1,1466572.9,185871.7,88.2,11.2,20627.2,1.53,1.62,1.44,1.57,1.16,1.7,0.8,101705.4,5517.6,80198.1,5.5,4112,354.18,11.2,0.021300217,1845163,5775362.1,10011.6,108.5,21.8,22.8,20.9,19.9,39.1,14.4,53.1,14502,1945,1291,11.7,172.8,14.1,10.3,11.9,9.5,11.7,11.7,13.1,10.6,12.3,11.2,12.4,10.8,9.5,11.9,12.3,12.1,11.8,10.4,10.8,14502,2126,3138.579917,1127.66911,4266.249027,5425.10113,4502.394751,9927.495881,23751.6429,22850.55295,46602.19585,60795.94076
IIyear.MS2_TDR1_ebik0_eq0.csv,2,1,0,0,1635655,16789.6,98.4,1,16789.6,1.28,2.11,0.53,1.3,1.13,1.41,0.72,104802.5,8614.7,83558,5.8,7471.9,395.01,1,0.023755713,2050181,6376455,-6.6,100.3,21.8,22.9,20.8,19.9,38.8,14.4,53.1,14502,1896,1259,11.4,165.9,17.3,7.3,11.6,9.6,11.5,11.1,13.1,10.1,11.9,11.5,13.5,10.9,9.2,11.6,13.3,14,13.4,12,6.9,14502,2126,7493.039188,779.7386432,8272.777831,14542.54332,2697.680446,17240.22376,20020.43846,5669.887114,25690.32557,51203.32717
IIyear.MS2_TDR1_ebik0_eq1.csv,2,1,0,1,1635621.5,16823.1,98.4,1,16823,1.25,1.27,1.24,1.29,0.93,1.39,0.7,105490.3,9302.5,84125.5,5.8,8039.4,395,1,0.023755112,2050181,6383995,-132.2,106.6,21.8,22.8,20.9,19.9,38.9,14.4,53.2,14502,1922,1263,11.6,169.6,14.1,10.3,11.8,9.3,11.6,11.5,13.1,10.6,12.3,11.2,12.4,10.8,9.5,11.9,12.3,12.1,11.8,10.4,10.8,14502,2126,3917.347977,1713.404735,5630.752712,7012.649676,5643.596764,12656.24644,28272.18659,28037.21246,56309.39905,74596.3982
IIyear.MS2_TDR1_ebik1_eq0.csv,2,1,1,0,1629707.1,22737.4,98,1.4,22737.4,1.68,2.41,1.02,1.72,1.29,1.88,0.84,103542.8,7355,81692.5,5.6,5606.4,393.57,1.4,0.023669112,2050181,6397560,-358.3,115.1,21.8,22.8,20.9,19.9,38.9,14.4,53,14502,1922,1288,11.6,169.6,17.3,7.3,11.8,9.6,11.6,11.3,13.1,10.1,11.9,11.5,13.5,10.9,9.2,11.6,13.3,14,13.4,12,6.9,14502,2126,5497.135307,887.0142566,6384.149563,11115.39393,3148.067462,14263.46139,19409.34787,7268.243884,26677.59175,47325.2027
IIyear.MS2_TDR1_ebik1_eq1.csv,2,1,1,1,1630280,22164.6,98,1.3,22164.6,1.64,1.72,1.56,1.69,1.13,1.83,0.82,103921.2,7733.4,81987.8,5.7,5901.7,393.71,1.3,0.023677532,2050181,6401927,-431.1,118.4,21.8,22.8,21,19.9,38.8,14.4,53.4,14502,1939,1284,11.7,171.9,14.1,10.3,11.9,9.4,11.7,11.5,13.1,10.6,12.3,11.2,12.4,10.8,9.5,11.9,12.3,12.1,11.8,10.4,10.8,14502,2126,3375.989735,1559.660867,4935.650602,6308.246497,4573.320464,10881.56696,24207.73797,25388.62063,49596.3586,65413.57616
IIyear.MS32_TDR0.7_ebik0_eq0.csv,32,0.7,0,0,1068161.9,584282.7,64.2,35.1,88549.3,6.52,9.28,4.01,6.64,5.43,7.34,3.04,132671.2,36483.4,108574.9,7.5,32488.8,257.96,35.4,0.015513592,1435127,4569025,30117.3,79.2,22.4,23.6,21.3,20.4,40,14.7,54.7,14502,8068,7765,48.5,1031.6,62.1,41.8,48.7,46.7,50.1,42.1,54,48.8,51,46.5,53.9,59.6,55.3,59.4,59.3,64.7,64.9,64.3,45,14502,2126,24619.22695,5904.686057,30523.913,64165.71209,24312.85041,88478.5625,143485.4473,46495.83371,189981.281,308983.7565
IIyear.MS32_TDR0.7_ebik0_eq1.csv,32,0.7,0,1,1056502,595942.6,63.5,35.8,100209.2,7.38,7.42,7.34,7.57,5.62,8.22,3.8,142272.4,46084.6,116810.4,8.1,40724.3,255.15,36.1,0.015344599,1435127,4607981.6,29468,82.6,22.4,23.4,21.5,20.5,39.4,14.8,54.8,14502,8804,8464,52.9,1134.8,56.9,55.1,53.3,49.3,54.1,48.2,57.1,56.1,55.9,50.9,54,62,63,63.1,64.1,65.6,64.6,62.2,61.5,14502,2126,18489.91083,9912.017408,28401.92823,44794.26685,36232.14234,81026.40919,160577.3542,135988.4013,296565.7555,405994.0929
IIyear.MS32_TDR0.7_ebik1_eq0.csv,32,0.7,1,0,1036964.8,615479.8,62.4,37,119746.4,8.71,10.7,6.89,8.88,7.12,9.85,3.88,127738.8,31551,100160.8,6.9,24074.7,250.43,37.2,0.015060741,1435127,4686637.6,28157.1,90.1,22.6,23.8,21.5,20.6,40,14.9,55,14502,8205,7914,49.3,1050.8,62.1,41.8,49.5,48.2,50.9,42.7,54,48.8,51,46.5,53.9,59.6,55.3,59.4,59.3,64.7,64.9,64.3,45,14502,2126,17389.292,6359.888659,23749.18066,47319.05403,25265.91732,72584.97135,128718.4692,58584.39648,187302.8657,283637.0177
IIyear.MS32_TDR0.7_ebik1_eq1.csv,32,0.7,1,1,1029191,623253.6,61.9,37.5,127520.2,9.27,9.58,8.99,9.55,6.82,10.42,4.38,131050,34862.2,102723,7.1,26636.9,248.55,37.7,0.014947679,1435127,4706175,27831.4,90.5,22.7,23.5,22,20.7,40.4,14.8,55.8,14502,8912,8577,53.6,1149.9,56.9,55.1,54,50.4,54.7,48.9,57.1,56.1,55.9,50.9,54,62,63,63.1,64.1,65.6,64.6,62.2,61.5,14502,2126,13417.01486,7634.460122,21051.47498,38597.11625,30083.95101,68681.06726,133383.5776,109268.9658,242652.5434,332385.0857
IIyear.MS32_TDR0.8_ebik0_eq0.csv,32,0.8,0,0,1228969.1,423475.4,73.9,25.5,92986.6,6.86,9.66,4.32,6.97,5.9,7.7,3.32,140725.3,44537.5,115170.7,7.9,39084.6,296.8,25.6,0.017849411,1640145,5178593.2,19957.8,87.4,22.5,23.7,21.3,20.5,39.7,14.7,55.1,14502,8011,7698,48.2,1023.6,62.1,41.8,48.4,46.5,49.7,42,54,48.8,51,46.5,53.9,59.6,55.3,59.4,59.3,64.7,64.9,64.3,45,14502,2126,25730.51677,7051.028873,32781.54564,66462.58426,27250.80965,93713.39391,148402.7226,53527.24721,201929.9698,328424.9094
IIyear.MS32_TDR0.8_ebik0_eq1.csv,32,0.8,0,1,1215905.1,436539.4,73.1,26.3,106050.6,7.84,7.87,7.8,8.03,6.09,8.73,4.06,152138.2,55950.4,124909.9,8.6,48823.8,293.64,26.4,0.01765937,1640145,5225464,19176.6,92.1,22.5,23.4,21.7,20.6,39.7,14.7,55.4,14502,8740,8393,52.6,1125.8,56.9,55.1,53,49,53.6,48.1,57.1,56.1,55.9,50.9,54,62,63,63.1,64.1,65.6,64.6,62.2,61.5,14502,2126,19849.78193,10675.5543,30525.33623,47152.04025,39297.7629,86449.80315,176095.5316,148386.9747,324482.5063,441457.6456
IIyear.MS32_TDR0.8_ebik1_eq0.csv,32,0.8,1,0,1194105.2,458339.4,71.8,27.6,127850.4,9.35,11.31,7.56,9.54,7.69,10.54,4.29,136680.1,40492.3,107200,7.4,31113.9,288.38,27.7,0.017343036,1640145,5305788.2,17837.9,100,22.6,23.7,21.6,20.6,40,14.8,55.4,14502,8192,7895,49.3,1048.9,62.1,41.8,49.4,47.8,50.9,42.5,54,48.8,51,46.5,53.9,59.6,55.3,59.4,59.3,64.7,64.9,64.3,45,14502,2126,19198.13018,7490.720631,26688.85081,51181.59441,28052.02906,79233.62347,136328.4441,65765.15248,202093.5966,308016.0709
IIyear.MS32_TDR0.8_ebik1_eq1.csv,32,0.8,1,1,1185760.1,466684.4,71.3,28.1,136195.5,9.9,10.13,9.68,10.2,7.19,11.13,4.67,140118.2,43930.4,109861,7.6,33774.9,286.36,28.2,0.017221554,1640145,5320076.4,17599.7,99.9,22.6,23.5,21.8,20.6,40.4,14.8,55.2,14502,8892,8553,53.5,1147.1,56.9,55.1,53.8,50.8,54.6,48.9,57.1,56.1,55.9,50.9,54,62,63,63.1,64.1,65.6,64.6,62.2,61.5,14502,2126,15109.13737,8969.947473,24079.08485,42843.02481,32822.13794,75665.16275,146418.666,123308.1245,269726.7905,369471.0381
IIyear.MS32_TDR0.9_ebik0_eq0.csv,32,0.9,0,0,1393242.4,259202.2,83.8,15.6,93957.7,6.96,9.93,4.25,7.06,6.09,7.8,3.41,145927.5,49739.7,119364.2,8.2,43278.1,336.47,15.7,0.020235146,1845163,5780326.5,9928.9,94.4,22.3,23.4,21.3,20.3,39.8,14.7,54.5,14502,7924,7618,47.7,1011.4,62.1,41.8,47.8,46.4,49.2,41.2,54,48.8,51,46.5,53.9,59.6,55.3,59.4,59.3,64.7,64.9,64.3,45,14502,2126,27466.53636,7275.811788,34742.34814,69647.04569,27225.83604,96872.88173,158141.9142,53394.11842,211536.0326,343151.2624
IIyear.MS32_TDR0.9_ebik0_eq1.csv,32,0.9,0,1,1379059,273385.6,82.9,16.4,108141.1,8.04,8.03,8.05,8.25,6.23,8.94,4.26,158135.1,61947.3,129809.9,9,53723.8,333.04,16.5,0.020028867,1845163,5820902.6,9252.6,98.7,22.4,23.3,21.5,20.4,39.7,14.7,55,14502,8723,8379,52.5,1123.4,56.9,55.1,52.8,49.1,53.6,47.9,57.1,56.1,55.9,50.9,54,62,63,63.1,64.1,65.6,64.6,62.2,61.5,14502,2126,20598.80975,11736.4493,32335.25904,49713.76852,40243.569,89957.33752,183479.018,152473.233,335952.251,458244.8475
IIyear.MS32_TDR0.9_ebik1_eq0.csv,32,0.9,1,0,1353725.6,298718.9,81.4,18,133474.5,9.79,11.87,7.89,10.02,7.74,11.01,4.65,144091.3,47903.5,113048,7.8,36961.9,326.92,18.1,0.019660813,1845163,5920311.2,7595.8,109.4,22.5,23.5,21.5,20.5,40.1,14.7,55.1,14502,8141,7846,49,1041.8,62.1,41.8,49.1,47.9,50.6,42.3,54,48.8,51,46.5,53.9,59.6,55.3,59.4,59.3,64.7,64.9,64.3,45,14502,2126,21126.70788,8423.787334,29550.49522,55584.0141,29776.00392,85360.01802,144334.4183,66037.93763,210372.3559,325282.8692
IIyear.MS32_TDR0.9_ebik1_eq1.csv,32,0.9,1,1,1347928,304516.6,81.1,18.3,139272.1,10.26,10.5,10.05,10.52,7.92,11.48,5.13,147349.1,51161.3,115571,8,39484.9,325.52,18.4,0.019576618,1845163,5932831.6,7387.2,109.4,22.5,23.5,21.7,20.5,40.1,14.8,55.1,14502,8851,8511,53.2,1141.4,56.9,55.1,53.6,50.1,54.3,48.9,57.1,56.1,55.9,50.9,54,62,63,63.1,64.1,65.6,64.6,62.2,61.5,14502,2126,17238.93172,9473.396124,26712.32784,44209.33466,34799.22237,79008.55703,155147.302,127871.6666,283018.9686,388739.8535
IIyear.MS32_TDR1_ebik0_eq0.csv,32,1,0,0,1554885.6,97558.9,93.5,5.9,97559,7.28,10.51,4.35,7.35,6.73,8.12,3.72,153581.4,57393.6,125624.7,8.7,49538.6,375.5,5.9,0.022582391,2050181,6395453,-323.2,102.8,22.4,23.6,21.2,20.4,40.1,14.7,54.6,14502,7883,7571,47.4,1005.6,62.1,41.8,47.6,45.8,48.9,41.3,54,48.8,51,46.5,53.9,59.6,55.3,59.4,59.3,64.7,64.9,64.3,45,14502,2126,30558.61377,7991.238227,38549.852,73828.83487,28355.58318,102184.4181,164339.8943,53547.70024,217887.5946,358621.8646
IIyear.MS32_TDR1_ebik0_eq1.csv,32,1,0,1,1541408,111036.6,92.7,6.7,111036.6,8.32,8.1,8.51,8.53,6.41,9.23,4.45,166248,70060.2,136417.4,9.4,60331.3,372.25,6.7,0.022386938,2050181,6433239,-953,107.2,22.5,23.3,21.7,20.5,39.6,14.7,55.4,14502,8656,8310,52.1,1114,56.9,55.1,52.4,49,53.3,47.2,57.1,56.1,55.9,50.9,54,62,63,63.1,64.1,65.6,64.6,62.2,61.5,14502,2126,21015.24861,12602.84719,33618.0958,52174.31632,42789.41852,94963.73484,188232.2201,158677.4945,346909.7146,475491.5452
IIyear.MS32_TDR1_ebik1_eq0.csv,32,1,1,0,1510727.5,141717.1,90.9,8.5,141717.1,10.37,12.47,8.46,10.6,8.37,11.67,4.87,151945.3,55757.5,119234.1,8.2,43148,364.84,8.6,0.021941304,2050181,6542410,-2772.5,119.3,22.5,23.6,21.5,20.5,39.8,14.8,55,14502,8119,7814,48.8,1038.7,62.1,41.8,49,47.4,50.4,42.3,54,48.8,51,46.5,53.9,59.6,55.3,59.4,59.3,64.7,64.9,64.3,45,14502,2126,22786.49754,8616.282825,31402.78037,58089.72544,32124.76662,90214.49206,154159.6216,74006.38707,228166.0087,349783.2811
IIyear.MS32_TDR1_ebik1_eq1.csv,32,1,1,1,1502318.5,150126.1,90.3,9,150126.1,11.06,11.36,10.78,11.32,8.71,12.37,5.48,156897.3,60709.5,123076.4,8.5,46990.3,362.81,9.1,0.021819221,2050181,6554794,-2978.9,119,22.6,23.5,21.8,20.6,40.1,14.7,55.8,14502,8828,8490,53.1,1138.1,56.9,55.1,53.5,49.4,54.2,48.8,57.1,56.1,55.9,50.9,54,62,63,63.1,64.1,65.6,64.6,62.2,61.5,14502,2126,19483.48175,10380.93404,29864.41579,49532.89877,37439.20574,86972.10451,164016.0618,135825.4715,299841.5333,416678.0536
IIyear.MS4_TDR0.7_ebik0_eq0.csv,4,0.7,0,0,1129673.7,522770.9,67.9,31.4,27037.5,2.01,3.23,0.89,2.04,1.68,2.26,0.94,104717.4,8529.6,83774.5,5.8,7688.4,272.82,31.6,0.016407265,1435127,4518340.8,30962,79.7,21.9,23,20.9,20,39.2,14.5,53.3,14502,2837,2265,17.1,297.9,25.5,11.2,17.2,15.8,17.5,15.2,19.8,15.7,17.6,16.2,20.1,19.1,15.6,18.3,19.8,22.3,22,20,11.9,14502,2126,8335.884496,1011.832211,9347.716707,21165.56795,5098.429383,26263.99733,37619.96511,6683.683668,44303.64877,79915.36282
IIyear.MS4_TDR0.7_ebik0_eq1.csv,4,0.7,0,1,1129134,523310.6,67.9,31.5,27577.2,2.03,2.13,1.95,2.1,1.47,2.27,1.06,105606.6,9418.8,84549.5,5.8,8463.4,272.69,31.7,0.016399447,1435127,4523152,30881.8,81.2,21.9,22.8,21,19.9,39,14.4,53.3,14502,2968,2372,17.8,316.3,21.1,16.8,18.1,15.3,18.1,17,19.9,17.2,19,16.9,18.7,18.9,17.1,19.8,19.5,20.9,20.3,18.2,18.4,14502,2126,4775.563643,2431.952901,7207.516544,10522.54805,9003.363852,19525.9119,41651.221,40112.49035,81763.71135,108497.1398
IIyear.MS4_TDR0.7_ebik1_eq0.csv,4,0.7,1,0,1122990.5,529454.1,67.5,31.8,33720.6,2.47,3.56,1.48,2.52,2.06,2.81,1.07,101568.9,5381.1,79934.8,5.5,3848.7,271.2,32,0.016309839,1435127,4541966.1,30568.2,87,22,23,21,20,39.6,14.5,53.6,14502,2892,2317,17.4,305.6,25.5,11.2,17.5,16.2,17.8,15.7,19.8,15.7,17.6,16.2,20.1,19.1,15.6,18.3,19.8,22.3,22,20,11.9,14502,2126,5375.704615,1448.623461,6824.328075,14533.88043,4802.542238,19336.42267,33314.7384,8516.234385,41830.97279,67991.72353
IIyear.MS4_TDR0.7_ebik1_eq1.csv,4,0.7,1,1,1122054.7,530389.9,67.5,31.9,34656.5,2.55,2.72,2.39,2.63,1.83,2.85,1.25,102358.4,6170.6,80546.6,5.6,4460.5,270.98,32.1,0.016296608,1435127,4547569.1,30474.9,88.1,22,22.9,21.1,20,39.4,14.5,53.7,14502,3033,2436,18.2,325.4,21.1,16.8,18.5,15.7,18.4,17.7,19.9,17.2,19,16.9,18.7,18.9,17.1,19.8,19.5,20.9,20.3,18.2,18.4,14502,2126,3329.854891,1857.343415,5187.198306,8447.579886,7226.09317,15673.67306,37416.62514,35661.0395,73077.66464,93938.53601
IIyear.MS4_TDR0.8_ebik0_eq0.csv,4,0.8,0,0,1293344.2,359100.4,77.8,21.6,28611.5,2.14,3.46,0.94,2.16,1.97,2.41,1.04,107983,11795.2,86479.3,6,10393.2,312.34,21.7,0.018783979,1640145,5140049.8,20600.2,87.7,21.9,23,20.8,20,38.9,14.5,53.2,14502,2831,2255,17,297.1,25.5,11.2,17.1,15.9,17.4,15.4,19.8,15.7,17.6,16.2,20.1,19.1,15.6,18.3,19.8,22.3,22,20,11.9,14502,2126,10342.64631,1419.418981,11762.0653,22409.80268,5333.95051,27743.75319,39893.59447,7818.982333,47712.5768,87218.39529
IIyear.MS4_TDR0.8_ebik0_eq1.csv,4,0.8,0,1,1292521.8,359922.8,77.7,21.6,29433.8,2.17,2.24,2.12,2.25,1.56,2.41,1.19,109176.7,12988.9,87500.1,6,11414,312.14,21.8,0.018771951,1640145,5147912.4,20469.1,90.8,22,22.9,21.1,20,39.2,14.4,53.7,14502,2969,2372,17.9,316.4,21.1,16.8,18.2,15.1,18.1,17.1,19.9,17.2,19,16.9,18.7,18.9,17.1,19.8,19.5,20.9,20.3,18.2,18.4,14502,2126,5876.987522,2756.428723,8633.416245,12223.98538,10178.01874,22402.00411,47548.8997,45048.0802,92596.9799,123632.4003
IIyear.MS4_TDR0.8_ebik1_eq0.csv,4,0.8,1,0,1284364.3,368080.2,77.2,22.1,37591.4,2.74,3.96,1.63,2.78,2.35,3.11,1.21,105490,9302.2,83054.8,5.7,6968.7,310.17,22.3,0.018653476,1640145,5171709.8,20072.5,98.4,21.9,22.9,20.9,19.9,39.1,14.4,53.2,14502,2874,2304,17.3,303.1,25.5,11.2,17.5,15.6,17.8,15.3,19.8,15.7,17.6,16.2,20.1,19.1,15.6,18.3,19.8,22.3,22,20,11.9,14502,2126,6617.51202,1492.738639,8110.250658,17453.23408,5646.456335,23099.69041,34019.32498,9723.995211,43743.32019,74953.26126
IIyear.MS4_TDR0.8_ebik1_eq1.csv,4,0.8,1,1,1284542,367902.6,77.3,22.1,37413.7,2.73,2.88,2.58,2.82,1.95,3.06,1.31,105849.8,9662,83333,5.7,7246.9,310.22,22.3,0.018656483,1640145,5175411.6,20010.8,99.4,21.9,22.9,21,20,39.1,14.5,53.4,14502,3015,2423,18.1,322.9,21.1,16.8,18.4,15.6,18.3,17.3,19.9,17.2,19,16.9,18.7,18.9,17.1,19.8,19.5,20.9,20.3,18.2,18.4,14502,2126,4548.320267,2099.416616,6647.736883,10176.54622,8110.953044,18287.49926,38663.57197,37373.61631,76037.18828,100972.4244
IIyear.MS4_TDR0.9_ebik0_eq0.csv,4,0.9,0,0,1458317.8,194126.8,87.7,11.7,28882.3,2.16,3.49,0.94,2.2,1.79,2.43,1.03,110208.2,14020.4,88291.2,6.1,12205.1,352.18,11.7,0.021179937,1845163,5760002,10267.6,95,21.9,23.1,20.9,20,39.1,14.5,53.3,14502,2817,2237,16.9,295.1,25.5,11.2,17.1,15.6,17.4,15.3,19.8,15.7,17.6,16.2,20.1,19.1,15.6,18.3,19.8,22.3,22,20,11.9,14502,2126,11170.87908,1534.72741,12705.60649,24302.50756,5816.414484,30118.92204,42761.8717,8157.662448,50919.53415,93744.06268
IIyear.MS4_TDR0.9_ebik0_eq1.csv,4,0.9,0,1,1456598.2,195846.4,87.6,11.8,30601.9,2.28,2.32,2.24,2.33,1.75,2.54,1.16,112134.4,15946.6,89944.2,6.2,13858.1,351.77,11.9,0.02115528,1845163,5768607.7,10124.2,98.4,22,23,21,20,39.2,14.5,53.5,14502,2956,2360,17.8,314.6,21.1,16.8,18,15.6,18,17.1,19.9,17.2,19,16.9,18.7,18.9,17.1,19.8,19.5,20.9,20.3,18.2,18.4,14502,2126,6392.131803,2897.510329,9289.642131,13160.45385,10775.23865,23935.6925,49491.62477,45214.77696,94706.40174,127931.7364
IIyear.MS4_TDR0.9_ebik1_eq0.csv,4,0.9,1,0,1447270.6,205173.9,87,12.3,39929.5,2.91,4.19,1.75,2.98,2.29,3.27,1.39,108728.7,12540.9,85644,5.9,9557.9,349.52,12.4,0.021019966,1845163,5799694,9606.1,109.6,22,23.1,20.9,20,39.4,14.4,53.7,14502,2860,2289,17.2,301.1,25.5,11.2,17.3,16.1,17.6,15.7,19.8,15.7,17.6,16.2,20.1,19.1,15.6,18.3,19.8,22.3,22,20,11.9,14502,2126,8065.745256,1690.622722,9756.367978,18784.06509,6686.702961,25470.76806,41066.7194,11937.71755,53004.43695,88231.57299
IIyear.MS4_TDR0.9_ebik1_eq1.csv,4,0.9,1,1,1449212.7,203231.9,87.2,12.2,37987.4,2.81,2.95,2.69,2.91,1.98,3.15,1.38,108380.3,12192.5,85370.7,5.9,9284.6,349.98,12.3,0.021047631,1845163,5795919.6,9669,107.8,22,23.1,21.1,20.1,39.2,14.6,53.5,14502,3008,2412,18.1,321.9,21.1,16.8,18.4,15.4,18.3,17.1,19.9,17.2,19,16.9,18.7,18.9,17.1,19.8,19.5,20.9,20.3,18.2,18.4,14502,2126,4875.905765,2184.544586,7060.450351,11797.04755,8805.373598,20602.42115,41061.40461,41655.26469,82716.6693,110379.5408
IIyear.MS4_TDR1_ebik0_eq0.csv,4,1,0,0,1622235.8,30208.8,97.6,1.8,30208.8,2.25,3.64,0.99,2.27,2.05,2.53,1.07,113170,16982.2,90727.7,6.3,14641.6,391.77,1.8,0.023560861,2050181,6385241,-153,104.4,21.9,23,20.9,19.9,39,14.4,53.3,14502,2803,2227,16.9,293.1,25.5,11.2,17,15.4,17.3,15.3,19.8,15.7,17.6,16.2,20.1,19.1,15.6,18.3,19.8,22.3,22,20,11.9,14502,2126,12097.73179,1751.905156,13849.63695,26094.73338,6430.526596,32525.25998,41202.58608,7486.421323,48689.0074,95063.90433
IIyear.MS4_TDR1_ebik0_eq1.csv,4,1,0,1,1621191.6,31252.9,97.5,1.9,31252.9,2.33,2.35,2.31,2.4,1.75,2.59,1.24,114789.9,18602.1,92120.8,6.4,16034.7,391.52,1.9,0.023545826,2050181,6390538,-241.3,106.5,21.9,22.9,21,20,38.9,14.5,53.4,14502,2932,2338,17.6,311.2,21.1,16.8,17.9,15,17.8,17.1,19.9,17.2,19,16.9,18.7,18.9,17.1,19.8,19.5,20.9,20.3,18.2,18.4,14502,2126,6712.147654,3180.123336,9892.27099,14486.48444,11017.44039,25503.92484,47170.53291,48471.87438,95642.40729,131038.6031
IIyear.MS4_TDR1_ebik1_eq0.csv,4,1,1,0,1612056.4,40388.2,96.9,2.4,40388.2,3.01,4.34,1.79,3.05,2.63,3.37,1.49,110885.8,14698,87388.7,6,11302.6,389.31,2.4,0.023412918,2050181,6416708,-677.5,116,22,23.1,20.9,20,39.2,14.5,53.4,14502,2862,2287,17.2,301.4,25.5,11.2,17.3,15.9,17.7,15.4,19.8,15.7,17.6,16.2,20.1,19.1,15.6,18.3,19.8,22.3,22,20,11.9,14502,2126,8749.865864,1698.816088,10448.68195,20527.2649,6725.443971,27252.70887,37246.22426,11619.31804,48865.54229,86566.93312
IIyear.MS4_TDR1_ebik1_eq1.csv,4,1,1,1,1611480.7,40963.9,96.9,2.5,40963.9,3.04,3.2,2.9,3.13,2.26,3.39,1.58,111665.7,15477.9,87993.4,6.1,11907.3,389.17,2.5,0.023404498,2050181,6420378,-738.6,116.8,22,23.1,21.1,20.1,39.2,14.5,53.9,14502,3001,2403,18,320.9,21.1,16.8,18.3,15.5,18.2,17.5,19.9,17.2,19,16.9,18.7,18.9,17.1,19.8,19.5,20.9,20.3,18.2,18.4,14502,2126,5981.467033,2619.508864,8600.975897,12536.7408,9381.681318,21918.42212,44416.25868,41968.54071,86384.79938,116904.1974
IIyear.MS64_TDR0.7_ebik0_eq0.csv,64,0.7,0,0,1048331.5,604113.1,63,36.3,108379.6,8,10.78,5.47,8.15,6.72,9.02,3.71,141855.2,45667.4,116748.2,8.1,40662.1,253.17,36.6,0.015225523,1435127,4580062.2,29933.3,78.5,22.7,23.8,21.7,20.7,40.1,14.8,55.9,14502,9890,9652,59.5,1287.1,71.8,56.1,59.8,56.5,61.2,52.2,66.2,62,63,57.1,63,73.5,70.8,73.2,74.6,77.2,79,77.7,60.1,14502,2126,28100.85108,8441.66706,36542.51814,74397.32212,33450.10033,107847.4225,175558.243,73391.78393,248950.0269,393339.9675
IIyear.MS64_TDR0.7_ebik0_eq1.csv,64,0.7,0,1,1032987,619457.6,62.1,37.3,123724.2,9.04,9.08,9.01,9.25,7.19,10.09,4.62,153869.1,57681.3,127001.3,8.8,50915.2,249.47,37.5,0.015003007,1435127,4639169.1,28948.2,83.1,22.7,23.5,21.9,20.7,40.3,14.8,55.8,14502,10664,10421,64.1,1395.7,67.8,67.7,64.6,59.8,65.3,59.3,68.9,67.9,68,62.7,64,76,76.6,77.6,79.1,78,78.2,76.5,75.6,14502,2126,20005.05556,12389.5481,32394.60365,56780.72701,44786.47023,101567.1972,204074.8562,168355.0292,372429.8854,506391.6863
IIyear.MS64_TDR0.7_ebik1_eq0.csv,64,0.7,1,0,1010457.4,641987.2,60.8,38.6,146253.8,10.74,12.5,9.14,10.99,8.58,12.12,4.94,136209.3,40021.5,106705.1,7.4,30619,244.03,38.9,0.014675848,1435127,4721765.7,27571.6,88.9,22.8,23.8,21.8,20.7,40.7,14.9,55.8,14502,10182,9958,61.2,1328.1,71.8,56.1,61.6,58.1,63,53.9,66.2,62,63,57.1,63,73.5,70.8,73.2,74.6,77.2,79,77.7,60.1,14502,2126,19476.21388,8753.011326,28229.22521,54988.64217,33407.19843,88395.8406,161933.3077,85150.57297,247083.8807,363708.9465
IIyear.MS64_TDR0.7_ebik1_eq1.csv,64,0.7,1,1,1001575.5,650869.1,60.2,39.1,155135.7,11.33,11.74,10.96,11.62,8.69,12.69,5.55,139809.9,43622.1,109493,7.6,33406.9,241.88,39.4,0.014546548,1435127,4748728.7,27122.2,90,22.9,23.8,22.1,20.9,40.4,15,56.3,14502,10812,10587,65,1416.4,67.8,67.7,65.5,60.7,66.2,60.1,68.9,67.9,68,62.7,64,76,76.6,77.6,79.1,78,78.2,76.5,75.6,14502,2126,18140.58974,9421.083988,27561.67372,48962.09519,36940.95193,85903.04712,170363.8235,144784.4532,315148.2767,428612.9975
IIyear.MS64_TDR0.8_ebik0_eq0.csv,64,0.8,0,0,1209749.4,442695.2,72.8,26.6,112206.2,8.32,11.21,5.7,8.48,6.93,9.32,4.1,150752.4,54564.6,123986.8,8.5,47900.7,292.15,26.8,0.017569762,1640145,5180641.4,19923.7,86.2,22.6,23.7,21.5,20.6,39.8,14.8,55.2,14502,9840,9605,59.2,1280.1,71.8,56.1,59.5,56.4,61,51.7,66.2,62,63,57.1,63,73.5,70.8,73.2,74.6,77.2,79,77.7,60.1,14502,2126,31001.23703,9280.617234,40281.85426,79673.44831,34804.37789,114477.8262,184821.4677,72958.87521,257780.3429,412540.0234
IIyear.MS64_TDR0.8_ebik0_eq1.csv,64,0.8,0,1,1192947.3,459497.2,71.7,27.6,129008.3,9.55,9.42,9.68,9.77,7.64,10.61,5.06,164749.2,68561.4,135927.9,9.4,59841.8,288.1,27.8,0.017326197,1640145,5240681.4,18923,91.3,22.6,23.6,21.7,20.6,40,14.9,55.2,14502,10575,10336,63.6,1383.2,67.8,67.7,64.2,58.4,64.9,58.3,68.9,67.9,68,62.7,64,76,76.6,77.6,79.1,78,78.2,76.5,75.6,14502,2126,23083.66518,12831.4325,35915.09768,59914.25973,48735.21005,108649.4698,214286.7018,183714.1696,398000.8714,542565.4388
IIyear.MS64_TDR0.8_ebik1_eq0.csv,64,0.8,1,0,1163919.7,488524.9,70,29.4,158036,11.6,13.28,10.07,11.88,9.13,13.07,5.41,147307.8,51120,115424.5,8,39338.4,281.09,29.6,0.016904619,1640145,5348840.8,17120.3,99.7,22.7,23.8,21.8,20.8,40.2,14.9,55.6,14502,10091,9865,60.7,1315.3,71.8,56.1,61.1,57.3,62.6,52.8,66.2,62,63,57.1,63,73.5,70.8,73.2,74.6,77.2,79,77.7,60.1,14502,2126,22952.84334,10044.27287,32997.11621,59191.7606,37991.50961,97183.27021,173441.4249,94922.88987,268364.3148,398544.7012
IIyear.MS64_TDR0.8_ebik1_eq1.csv,64,0.8,1,1,1156177.6,496266.9,69.5,29.8,165778.1,12.17,12.47,11.89,12.47,9.52,13.59,6.17,151589.8,55402,118746.5,8.2,42660.4,279.22,30,0.016792158,1640145,5372300.2,16729.3,100.6,22.9,23.7,22.3,21,40.3,15,56.7,14502,10753,10526,64.7,1408.1,67.8,67.7,65.1,60.5,65.8,59.9,68.9,67.9,68,62.7,64,76,76.6,77.6,79.1,78,78.2,76.5,75.6,14502,2126,20458.9415,10777.95102,31236.89252,52445.1986,40636.97175,93082.17035,182936.9502,153439.707,336376.6572,460695.7201
IIyear.MS64_TDR0.9_ebik0_eq0.csv,64,0.9,0,0,1372258.6,280185.9,82.5,16.9,114941.5,8.61,11.69,5.81,8.74,7.52,9.62,4.36,158761.6,62573.8,130506.4,9,54420.3,331.4,17,0.019930238,1845163,5784867.4,9853.2,94,22.5,23.6,21.4,20.5,39.8,14.8,54.7,14502,9804,9577,59,1275,71.8,56.1,59.2,56.4,60.7,51.7,66.2,62,63,57.1,63,73.5,70.8,73.2,74.6,77.2,79,77.7,60.1,14502,2126,32231.15285,9688.809946,41919.96279,82247.03083,36492.96863,118739.9995,197517.6814,77476.20194,274993.8834,435653.8456
IIyear.MS64_TDR0.9_ebik0_eq1.csv,64,0.9,0,1,1354989.1,297455.4,81.5,17.9,132211,9.82,9.66,9.98,10.04,7.95,10.89,5.32,173380.9,77193.1,142938.1,9.9,66852,327.23,18,0.019679456,1845163,5840517.3,8925.7,99.1,22.6,23.4,21.9,20.6,40.1,14.8,55.6,14502,10529,10281,63.3,1376.7,67.8,67.7,63.9,58.3,64.5,58.5,68.9,67.9,68,62.7,64,76,76.6,77.6,79.1,78,78.2,76.5,75.6,14502,2126,24848.71416,14048.99076,38897.70492,61892.82685,50236.16302,112128.9899,223798.0047,190237.939,414035.9437,565062.6384
IIyear.MS64_TDR0.9_ebik1_eq0.csv,64,0.9,1,0,1322784.1,329660.4,79.6,19.8,164416,12.05,13.76,10.49,12.36,9.32,13.58,5.57,156076.8,59889,122336.3,8.4,46250.2,319.45,20,0.019211571,1845163,5962281.2,6896.3,109.5,22.7,23.8,21.6,20.6,40.4,14.8,55.6,14502,10059,9840,60.5,1310.8,71.8,56.1,60.9,57.1,62.3,53,66.2,62,63,57.1,63,73.5,70.8,73.2,74.6,77.2,79,77.7,60.1,14502,2126,23257.73486,10666.31055,33924.04541,64594.38482,40309.93598,104904.3208,177012.9541,98716.90408,275729.8582,414558.2244
IIyear.MS64_TDR0.9_ebik1_eq1.csv,64,0.9,1,1,1316966.7,335477.9,79.2,20.2,170233.4,12.55,12.95,12.19,12.87,9.63,14.04,6.26,159514.2,63326.4,125000.2,8.6,48914.1,318.05,20.3,0.019127376,1845163,5978282.8,6629.6,109.9,22.9,23.7,22.2,20.9,40.4,14.9,56.5,14502,10720,10490,64.5,1403.5,67.8,67.7,65,59.6,65.6,59.7,68.9,67.9,68,62.7,64,76,76.6,77.6,79.1,78,78.2,76.5,75.6,14502,2126,21565.30114,11294.23478,32859.53591,56445.32688,42280.64646,98725.97334,190228.204,159699.7493,349927.9533,481513.4625
IIyear.MS64_TDR1_ebik0_eq0.csv,64,1,0,0,1534214.9,118229.7,92.3,7.1,118229.7,8.84,12.1,5.88,8.98,7.6,9.86,4.56,166444.3,70256.5,136736,9.4,60649.9,370.51,7.2,0.022282295,2050181,6393703,-294,102.1,22.5,23.5,21.5,20.5,39.8,14.8,55,14502,9741,9504,58.6,1266.2,71.8,56.1,58.9,55.6,60.3,51.3,66.2,62,63,57.1,63,73.5,70.8,73.2,74.6,77.2,79,77.7,60.1,14502,2126,35626.04095,10545.66616,46171.70711,86133.99274,38508.93499,124642.9277,205307.8228,84023.87477,289331.6976,460146.3324
IIyear.MS64_TDR1_ebik0_eq1.csv,64,1,0,1,1515387,137057.6,91.1,8.2,137057.5,10.22,10.07,10.35,10.39,8.64,11.32,5.57,182373.6,86185.8,150304.4,10.4,74218.3,365.97,8.3,0.022009261,2050181,6441675,-1093.6,106.7,22.6,23.5,21.7,20.6,39.9,14.8,55.5,14502,10473,10232,63,1368.9,67.8,67.7,63.4,59,64.2,58.1,68.9,67.9,68,62.7,64,76,76.6,77.6,79.1,78,78.2,76.5,75.6,14502,2126,26672.06196,14804.50622,41476.56818,65287.31126,52901.90742,118189.2187,237456.5509,196486.9027,433943.4535,593609.2404
IIyear.MS64_TDR1_ebik1_eq0.csv,64,1,1,0,1480888.2,171556.4,89.1,10.3,171556.4,12.7,14.41,11.14,12.99,10.22,14.27,6.09,164903.7,68715.9,129282.4,8.9,53196.3,357.63,10.4,0.021507698,2050181,6567400,-3189,117.8,22.6,23.7,21.7,20.6,40.4,14.9,55.1,14502,10024,9798,60.3,1305.9,71.8,56.1,60.6,57.1,62,53.1,66.2,62,63,57.1,63,73.5,70.8,73.2,74.6,77.2,79,77.7,60.1,14502,2126,25759.61894,11920.01213,37679.63107,67284.47186,42684.87416,109969.346,190634.3616,102655.017,293289.3786,440938.3556
IIyear.MS64_TDR1_ebik1_eq1.csv,64,1,1,1,1469396.9,183047.7,88.4,11,183047.7,13.5,13.76,13.27,13.87,10.25,15.14,6.57,170578.9,74391.1,133686,9.2,57599.9,354.86,11.1,0.021341111,2050181,6595962,-3665,119.2,22.7,23.7,21.8,20.7,40.7,14.9,55.6,14502,10673,10435,64.2,1396.9,67.8,67.7,64.7,59.3,65.4,59.1,68.9,67.9,68,62.7,64,76,76.6,77.6,79.1,78,78.2,76.5,75.6,14502,2126,24150.99609,12337.87072,36488.86681,60110.57355,46312.15644,106422.73,198967.224,167761.3388,366728.5628,509640.1596
IIyear.MS8_TDR0.7_ebik0_eq0.csv,8,0.7,0,0,1112126,540318.6,66.9,32.5,44585.1,3.3,5.06,1.7,3.36,2.82,3.71,1.57,112467,16279.2,90678.9,6.3,14592.8,268.58,32.7,0.016152273,1435127,4532148.7,30731.9,79.2,22,23.1,21,20.1,39.4,14.5,53.8,14502,4305,3806,25.9,503.8,37.1,18.5,26.1,23.9,26.7,22.5,29.4,24.4,27,24.3,30.3,30.9,25.3,30.2,30.5,35.3,34.7,32.5,20.5,14502,2126,13806.91729,2268.560812,16075.47811,33409.06959,10149.82086,43558.89045,67334.09079,18271.87076,85605.96155,145240.3301
IIyear.MS8_TDR0.7_ebik0_eq1.csv,8,0.7,0,1,1109118.8,543325.8,66.7,32.7,47592.4,3.49,3.63,3.36,3.59,2.63,3.93,1.65,115454,19266.2,93227.6,6.4,17141.5,267.85,32.9,0.016108371,1435127,4548241,30463.7,82.5,22.1,23.1,21.2,20.1,39.5,14.5,54.1,14502,4531,4022,27.2,535.5,30.9,26.6,27.5,24.5,27.8,25.1,29.6,27.6,28.8,25.2,29,30.6,29.9,31.1,32.1,33.1,32.6,30,30,14502,2126,7380.232517,4189.4209,11569.65342,20545.84321,16274.06636,36819.90958,79065.40135,63721.24412,142786.6455,191176.2085
IIyear.MS8_TDR0.7_ebik1_eq0.csv,8,0.7,1,0,1097426.1,555018.4,66,33.4,59285.1,4.29,5.93,2.8,4.4,3.26,4.9,1.74,108968.7,12780.9,85653,5.9,9566.9,265.03,33.6,0.015938778,1435127,4586803.1,29821,89.6,22.2,23.4,21.2,20.3,39.1,14.7,54,14502,4367,3872,26.3,512.5,37.1,18.5,26.5,24.2,27.2,22.4,29.4,24.4,27,24.3,30.3,30.9,25.3,30.2,30.5,35.3,34.7,32.5,20.5,14502,2126,8799.673158,2456.833742,11256.5069,25298.84961,9729.778477,35028.62809,59610.53019,22283.13346,81893.66364,128178.7986
IIyear.MS8_TDR0.7_ebik1_eq1.csv,8,0.7,1,1,1097196.9,555247.7,66,33.4,59514.3,4.33,4.59,4.1,4.46,3.18,4.88,2.01,109733.5,13545.7,86244.4,5.9,10158.3,264.97,33.6,0.01593517,1435127,4586214.7,29830.8,88.6,22.1,23.1,21.2,20.2,39.4,14.6,54.1,14502,4582,4073,27.6,542.6,30.9,26.6,27.9,24.4,28.1,25.5,29.6,27.6,28.8,25.2,29,30.6,29.9,31.1,32.1,33.1,32.6,30,30,14502,2126,6030.858998,3224.567246,9255.426244,16523.36384,13215.30049,29738.66434,63934.76522,53310.00663,117244.7718,156238.8624
IIyear.MS8_TDR0.8_ebik0_eq0.csv,8,0.8,0,0,1275055.5,377389.1,76.7,22.7,46900.2,3.47,5.35,1.75,3.52,3.01,3.9,1.65,116677.7,20489.9,94137.3,6.5,18051.2,307.93,22.8,0.018518764,1640145,5147659.2,20473.4,86.7,22,23.2,21,20.1,39.5,14.5,53.7,14502,4265,3757,25.6,498.2,37.1,18.5,25.8,24.1,26.4,22.4,29.4,24.4,27,24.3,30.3,30.9,25.3,30.2,30.5,35.3,34.7,32.5,20.5,14502,2126,14592.26687,2543.605538,17135.8724,36317.33916,10596.08013,46913.41929,70159.63094,18556.54475,88716.17569,152765.4674
IIyear.MS8_TDR0.8_ebik0_eq1.csv,8,0.8,0,1,1271989.8,380454.8,76.5,22.9,49965.8,3.7,3.79,3.62,3.8,2.78,4.14,1.83,120321.3,24133.5,97239.6,6.7,21153.5,307.19,23,0.01847426,1640145,5164373.4,20194.8,90.3,22.1,23.1,21.2,20.2,39.6,14.5,54.1,14502,4479,3966,26.9,528.2,30.9,26.6,27.3,23.7,27.5,24.7,29.6,27.6,28.8,25.2,29,30.6,29.9,31.1,32.1,33.1,32.6,30,30,14502,2126,9488.33295,4791.436985,14279.76994,21685.82614,16900.73574,38586.56188,84197.28942,66274.55411,150471.8435,203338.1753
IIyear.MS8_TDR0.8_ebik1_eq0.csv,8,0.8,1,0,1258247.5,394197.1,75.7,23.7,63708.2,4.62,6.32,3.08,4.72,3.77,5.27,1.86,114101.3,17913.5,89719.7,6.2,13633.6,303.87,23.9,0.018274597,1640145,5210976.2,19418.1,99.7,22.1,23.2,21.1,20.2,39.4,14.6,53.9,14502,4370,3876,26.3,512.9,37.1,18.5,26.5,24.7,27.1,22.7,29.4,24.4,27,24.3,30.3,30.9,25.3,30.2,30.5,35.3,34.7,32.5,20.5,14502,2126,10191.44618,2672.548896,12863.99508,27979.93821,11387.9417,39367.87991,67094.43008,21737.82643,88832.25651,141064.1315
IIyear.MS8_TDR0.8_ebik1_eq1.csv,8,0.8,1,1,1256635.5,395809.1,75.6,23.8,65320.1,4.78,5.02,4.56,4.92,3.5,5.39,2.21,115772.1,19584.3,91015.5,6.3,14929.4,303.48,24,0.018251143,1640145,5219227.2,19280.6,100.3,22.1,23.1,21.2,20.2,39.4,14.6,54,14502,4565,4055,27.5,540.3,30.9,26.6,27.7,24.7,28,25.1,29.6,27.6,28.8,25.2,29,30.6,29.9,31.1,32.1,33.1,32.6,30,30,14502,2126,7615.227159,3879.486585,11494.71374,19443.55058,14343.95354,33787.50411,68427.66337,62851.26375,131278.9271,176561.145
IIyear.MS8_TDR0.9_ebik0_eq0.csv,8,0.9,0,0,1439425.2,213019.4,86.6,12.8,47774.9,3.56,5.49,1.81,3.62,3.08,4.01,1.66,120502.2,24314.4,97256.7,6.7,21170.6,347.62,12.9,0.020905701,1845163,5768203.5,10131,95.3,22,23.1,20.9,20,39.4,14.5,53.6,14502,4235,3736,25.5,494,37.1,18.5,25.7,23.7,26.3,21.8,29.4,24.4,27,24.3,30.3,30.9,25.3,30.2,30.5,35.3,34.7,32.5,20.5,14502,2126,15979.19494,2774.174899,18753.36983,38087.906,11301.47482,49389.38082,75531.16079,19659.89533,95191.05612,163333.8068
IIyear.MS8_TDR0.9_ebik0_eq1.csv,8,0.9,0,1,1436097.7,216346.9,86.4,13,51102.4,3.79,3.82,3.76,3.89,2.9,4.23,1.91,124318.7,28130.9,100494.6,6.9,24408.5,346.82,13.1,0.02085759,1845163,5784625.6,9857.3,99.2,22,23,21.1,20,39.2,14.5,53.4,14502,4489,3976,27,529.6,30.9,26.6,27.3,24,27.5,24.8,29.6,27.6,28.8,25.2,29,30.6,29.9,31.1,32.1,33.1,32.6,30,30,14502,2126,9731.530501,4750.257523,14481.78802,22874.81411,18552.11887,41426.93298,87272.5102,74414.71967,161687.2299,217595.9509
IIyear.MS8_TDR0.9_ebik1_eq0.csv,8,0.9,1,0,1421528,230916.6,85.5,13.9,65672.1,4.81,6.56,3.22,4.93,3.69,5.45,2.1,118200.6,22012.8,92982.8,6.4,16896.7,343.3,14,0.020645898,1845163,5834220,9030.7,109.9,22.1,23.2,21.1,20.2,39.2,14.5,53.9,14502,4356,3860,26.2,510.9,37.1,18.5,26.4,24.6,27,22.9,29.4,24.4,27,24.3,30.3,30.9,25.3,30.2,30.5,35.3,34.7,32.5,20.5,14502,2126,11330.92233,3071.541533,14402.46386,30009.40725,12363.3879,42372.79515,70193.40214,25026.95952,95220.36166,151995.6207
IIyear.MS8_TDR0.9_ebik1_eq1.csv,8,0.9,1,1,1418810.6,233633.9,85.3,14.1,68389.5,5,5.23,4.79,5.16,3.52,5.64,2.28,119892.4,23704.6,94293.9,6.5,18207.8,342.64,14.1,0.020606206,1845163,5840168.4,8931.5,109.9,22.1,23,21.3,20.1,39.5,14.5,53.9,14502,4522,4014,27.2,534.2,30.9,26.6,27.5,24,27.8,24.8,29.6,27.6,28.8,25.2,29,30.6,29.9,31.1,32.1,33.1,32.6,30,30,14502,2126,8887.296718,4225.220155,13112.51687,20915.99394,15371.22019,36287.21413,75991.67413,63647.4052,139639.0793,189038.8103
IIyear.MS8_TDR1_ebik0_eq0.csv,8,1,0,0,1603052.2,49392.4,96.4,3,49392.3,3.7,5.76,1.83,3.74,3.36,4.14,1.85,124599,28411.2,100612.5,6.9,24526.4,387.14,3,0.023282415,2050181,6385036,-149.6,102.6,22,23.1,21,20.1,39.1,14.5,53.8,14502,4222,3721,25.4,492.1,37.1,18.5,25.6,23.7,26.2,22,29.4,24.4,27,24.3,30.3,30.9,25.3,30.2,30.5,35.3,34.7,32.5,20.5,14502,2126,17248.82259,3152.048276,20400.87087,41346.2496,11451.05125,52797.30085,79370.78334,23079.88897,102450.6723,175648.844
IIyear.MS8_TDR1_ebik0_eq1.csv,8,1,0,1,1599893.9,52550.7,96.2,3.2,52550.6,3.92,3.9,3.94,4.02,3.08,4.37,2.02,128388.6,32200.8,103829.8,7.2,27743.7,386.37,3.2,0.023236108,2050181,6398157,-368.3,105.9,22,23,21.1,20.1,39.4,14.5,53.9,14502,4463,3950,26.8,525.9,30.9,26.6,27.2,23.8,27.3,24.8,29.6,27.6,28.8,25.2,29,30.6,29.9,31.1,32.1,33.1,32.6,30,30,14502,2126,11597.88572,5292.65276,16890.53848,24513.09679,19845.35074,44358.44754,87079.53593,74332.71175,161412.2477,222661.2337
IIyear.MS8_TDR1_ebik1_eq0.csv,8,1,1,0,1584182.2,68262.4,95.3,4.1,68262.4,5.02,6.83,3.38,5.13,4.02,5.68,2.24,121629.8,25442,95718.6,6.6,19632.5,382.58,4.1,0.023008179,2050181,6446942,-1181.3,116.7,22.1,23.2,21.1,20.1,39.4,14.5,53.9,14502,4322,3819,26,506.2,37.1,18.5,26.2,24.4,26.9,22.3,29.4,24.4,27,24.3,30.3,30.9,25.3,30.2,30.5,35.3,34.7,32.5,20.5,14502,2126,12682.63362,3480.746024,16163.37964,32455.02947,12802.62671,45257.65618,73019.60817,24249.27745,97268.88562,158689.9214
IIyear.MS8_TDR1_ebik1_eq1.csv,8,1,1,1,1581155.9,71288.7,95.1,4.3,71288.6,5.23,5.4,5.08,5.4,3.74,5.87,2.51,124110.3,27922.5,97646.2,6.7,21560.1,381.85,4.3,0.022964277,2050181,6462160,-1435,119.4,22.1,23.1,21.2,20.2,39.3,14.5,54,14502,4540,4026,27.3,536.7,30.9,26.6,27.6,24.3,27.8,25.4,29.6,27.6,28.8,25.2,29,30.6,29.9,31.1,32.1,33.1,32.6,30,30,14502,2126,8737.632573,4424.387249,13162.01982,23044.70466,16038.78561,39083.49026,82686.20967,64966.55864,147652.7683,199898.2784
