la,all,bicycle,foot,car_driver,govtarget_slc,govtarget_slw,govtarget_sld,gendereq_slc,gendereq_slw,gendereq_sld,dutch_slc,dutch_slw,dutch_sld,ebike_slc,ebike_slw,ebike_sld,govtarget_sldeath_heat,govtarget_slvalue_heat,govtarget_sideath_heat,govtarget_sivalue_heat,gendereq_sldeath_heat,gendereq_slvalue_heat,gendereq_sideath_heat,gendereq_sivalue_heat,dutch_sldeath_heat,dutch_slvalue_heat,dutch_sideath_heat,dutch_sivalue_heat,ebike_sldeath_heat,ebike_slvalue_heat,ebike_sideath_heat,ebike_sivalue_heat,govtarget_slco2,govtarget_sico2,gendereq_slco2,gendereq_sico2,dutch_slco2,dutch_sico2,ebike_slco2,ebike_sico2
Adur,26523,1107,2293,17207,2113,2157,16559,1869,2186,16729,5965,1542,14118,7699,1433,12924,-0.658,1.220,-0.312,0.579,-0.563,1.043,-0.217,0.402,-1.492,2.768,-1.147,2.127,-1.552,2.879,-1.206,2.238,-377,-183,-333,-139,-972,-778,-1469,-1275
Allerdale,40226,699,5535,27893,1534,5341,27365,1292,5365,27545,5398,4376,25013,8786,3753,22746,-0.598,1.110,-0.346,0.641,-0.387,0.719,-0.135,0.250,-1.329,2.466,-1.077,1.997,-1.768,3.281,-1.516,2.812,-328,-185,-258,-115,-888,-745,-1863,-1720
Amber Valley,53844,796,5319,40303,1763,5159,39636,1469,5203,39843,6401,4190,36638,11487,3577,32905,-0.622,1.153,-0.317,0.586,-0.471,0.874,-0.166,0.307,-1.674,3.104,-1.368,2.537,-2.619,4.857,-2.313,4.290,-489,-247,-426,-184,-1261,-1019,-2913,-2671
Arun,59391,2451,5662,41295,5038,5243,39531,3663,5468,40455,14196,3547,33455,16981,3482,31226,-1.829,3.392,-1.037,1.923,-1.232,2.285,-0.439,0.815,-4.205,7.800,-3.413,6.331,-4.191,7.774,-3.398,6.305,-965,-539,-693,-267,-2572,-2146,-3736,-3311
Ashfield,51275,1110,5075,35972,2587,4847,35000,2074,4884,35375,9338,3599,30729,13511,3263,27714,-0.916,1.698,-0.517,0.958,-0.650,1.205,-0.251,0.465,-2.792,5.178,-2.393,4.438,-3.431,6.364,-3.032,5.625,-523,-293,-392,-163,-1569,-1340,-2876,-2647
Ashford,50575,1448,5338,34772,2966,5050,33774,2540,5110,34074,9188,3738,29818,12312,3352,27531,-0.713,1.323,-0.381,0.706,-0.572,1.062,-0.240,0.445,-2.004,3.718,-1.672,3.102,-2.241,4.158,-1.909,3.541,-544,-294,-436,-187,-1466,-1216,-2483,-2233
Aylesbury Vale,78856,1480,7886,57085,3734,7428,55609,2458,7675,56449,12917,5262,49909,17048,4864,46720,-0.824,1.527,-0.513,0.951,-0.512,0.950,-0.202,0.374,-2.137,3.964,-1.827,3.389,-2.546,4.723,-2.236,4.147,-807,-500,-535,-229,-2246,-1939,-4026,-3719
Babergh,36664,825,3805,27185,1731,3622,26562,1294,3714,26862,5411,2741,24180,7848,2447,22317,-0.458,0.850,-0.253,0.468,-0.328,0.608,-0.122,0.226,-0.999,1.852,-0.793,1.471,-1.322,2.452,-1.116,2.070,-411,-228,-295,-113,-1026,-843,-2003,-1820
Barking and Dagenham,70729,1077,4445,27451,3956,4133,26173,1917,4314,27102,15024,2671,21216,18982,2599,19645,-1.827,3.386,-1.326,2.457,-0.766,1.421,-0.266,0.492,-5.931,10.999,-5.430,10.070,-6.342,11.762,-5.841,10.833,-508,-374,-219,-85,-1797,-1663,-2582,-2448
Barnet,150859,2379,9629,58940,5880,9266,57440,4029,9492,58331,20906,7098,50567,34360,6276,45178,-1.691,3.128,-0.912,1.683,-1.141,2.116,-0.362,0.671,-5.520,10.232,-4.740,8.787,-7.471,13.852,-6.692,12.407,-807,-507,-499,-200,-2724,-2425,-5009,-4710
Barnsley,95949,714,9759,67650,2529,9475,66486,1390,9638,67230,12086,7618,60712,21431,6496,54371,-0.949,1.758,-0.664,1.230,-0.452,0.839,-0.168,0.311,-3.508,6.506,-3.223,5.978,-5.121,9.499,-4.837,8.971,-580,-406,-303,-128,-2110,-1936,-4785,-4610
Barrow-in-Furness,29315,1623,5316,16760,2676,5074,16155,2828,5023,16081,7420,3916,13466,9936,3473,11885,-0.682,1.265,-0.253,0.469,-0.614,1.138,-0.184,0.342,-1.383,2.566,-0.954,1.770,-1.440,2.672,-1.011,1.876,-273,-103,-296,-126,-674,-504,-1065,-895
Basildon,76861,1422,6920,45595,3559,6580,44230,2682,6670,44848,13007,4801,38462,17578,4348,35247,-0.979,1.815,-0.612,1.135,-0.592,1.099,-0.225,0.418,-3.046,5.649,-2.679,4.968,-3.457,6.412,-3.090,5.732,-658,-418,-426,-187,-2037,-1797,-3491,-3251
Basingstoke and Deane,80371,1893,8061,56514,3840,7739,55200,3203,7850,55625,12493,6022,49670,18795,5241,45171,-1.019,1.889,-0.498,0.923,-0.813,1.508,-0.292,0.542,-2.652,4.920,-2.131,3.953,-3.331,6.179,-2.810,5.213,-878,-432,-732,-286,-2207,-1760,-4107,-3661
Bassetlaw,47468,1332,4882,35110,2738,4621,34161,2077,4740,34619,8540,3408,30396,11498,3109,28158,-0.922,1.709,-0.479,0.888,-0.666,1.236,-0.224,0.415,-2.046,3.794,-1.603,2.974,-2.549,4.729,-2.107,3.908,-558,-293,-414,-149,-1367,-1102,-2500,-2235
Bath and North East Somerset,74619,2464,13707,44713,3671,13364,44069,4078,13261,43887,8943,11516,41495,16458,9689,37216,-0.771,1.429,-0.243,0.449,-0.758,1.405,-0.229,0.425,-1.396,2.588,-0.867,1.608,-2.224,4.125,-1.696,3.144,-668,-219,-746,-297,-1268,-819,-2943,-2494
Bedford,68205,2888,7403,45738,5656,6925,43909,4429,7136,44717,16258,4863,37115,19742,4584,34460,-1.386,2.571,-0.723,1.340,-0.983,1.824,-0.320,0.593,-3.325,6.169,-2.662,4.938,-3.402,6.310,-2.738,5.079,-918,-486,-693,-261,-2416,-1983,-3665,-3233
Bexley,102017,1280,5757,49480,4038,5462,47927,2504,5619,48832,15507,3897,41151,23082,3559,37062,-1.446,2.677,-0.940,1.740,-0.864,1.602,-0.359,0.665,-4.520,8.381,-4.015,7.444,-5.910,10.960,-5.405,10.023,-715,-490,-411,-186,-2561,-2337,-4315,-4090
Birmingham,392517,6476,40248,224465,18594,38614,217879,11212,39580,221930,76169,29223,187719,112440,25744,166973,-7.572,14.033,-4.897,9.070,-3.747,6.950,-1.072,1.987,-29.686,55.061,-27.011,50.098,-33.223,61.622,-30.547,56.660,-3202,-2068,-1887,-753,-11367,-10233,-19667,-18533
Blaby,43643,1308,2910,33474,2828,2756,32341,2414,2793,32672,8967,2005,27880,12360,1834,25178,-0.813,1.508,-0.441,0.818,-0.679,1.259,-0.307,0.569,-2.357,4.372,-1.985,3.682,-2.550,4.731,-2.178,4.041,-682,-372,-564,-255,-1950,-1640,-3135,-2826
Blackburn with Darwen,55740,593,7492,36773,1805,7288,36028,1084,7424,36464,8519,5955,32080,14258,5065,28413,-0.701,1.299,-0.434,0.804,-0.388,0.720,-0.122,0.225,-2.435,4.517,-2.168,4.022,-3.220,5.972,-2.953,5.477,-334,-209,-220,-95,-1184,-1059,-2452,-2327
Blackpool,55512,1926,8750,32963,4876,8197,31247,3474,8458,32072,17615,5506,24096,20574,5197,22148,-2.015,3.737,-1.188,2.204,-1.226,2.275,-0.400,0.742,-5.674,10.526,-4.847,8.993,-4.991,9.259,-4.165,7.726,-674,-396,-475,-197,-2109,-1831,-2848,-2570
Bolsover,31790,275,2833,23818,848,2741,23429,509,2787,23667,3630,2182,21651,6365,1895,19652,-0.435,0.807,-0.293,0.544,-0.233,0.432,-0.091,0.169,-1.265,2.345,-1.123,2.082,-1.905,3.535,-1.764,3.272,-228,-153,-122,-47,-745,-670,-1706,-1632
Bolton,113604,1265,11486,76865,4293,11053,74949,2440,11315,76124,19510,8409,65732,29935,7333,58676,-1.532,2.838,-1.048,1.939,-0.774,1.436,-0.290,0.537,-5.809,10.772,-5.324,9.873,-7.189,13.333,-6.704,12.434,-902,-621,-517,-236,-3251,-2970,-6148,-5867
Boston,28086,1984,2798,18558,3366,2598,17612,2492,2710,18226,7969,1871,14537,9102,1813,13676,-0.788,1.462,-0.404,0.750,-0.470,0.872,-0.086,0.160,-1.688,3.132,-1.304,2.420,-1.672,3.102,-1.288,2.390,-461,-234,-290,-63,-1093,-866,-1547,-1320
Bournemouth,80448,4182,10958,49812,7699,10332,47666,6488,10603,48357,21440,7422,39643,27080,6819,35781,-1.690,3.134,-0.752,1.394,-1.304,2.419,-0.366,0.679,-4.862,9.020,-3.924,7.280,-4.766,8.841,-3.828,7.101,-1270,-567,-1087,-384,-3137,-2433,-4549,-3845
Bracknell Forest,55253,1369,4623,41260,2887,4406,40159,2255,4488,40626,9217,3302,35777,13177,2967,32679,-0.512,0.949,-0.301,0.557,-0.366,0.679,-0.155,0.288,-1.591,2.950,-1.380,2.559,-1.994,3.698,-1.783,3.306,-635,-381,-430,-175,-1781,-1526,-3273,-3019
Bradford,200385,1683,23271,124520,5563,22653,122254,3069,23088,123660,26938,18518,110326,48883,15662,96814,-2.215,4.105,-1.414,2.617,-1.222,2.266,-0.420,0.779,-8.170,15.153,-7.368,13.666,-11.634,21.580,-10.833,20.093,-1119,-705,-721,-307,-4057,-3643,-8925,-8511
Braintree,65908,1079,6490,45864,2467,6211,44946,1894,6279,45368,8412,4768,41247,12537,4200,38267,-0.683,1.266,-0.434,0.804,-0.403,0.748,-0.154,0.286,-1.630,3.024,-1.381,2.562,-2.189,4.060,-1.940,3.598,-527,-335,-342,-150,-1473,-1281,-2958,-2767
Breckland,54088,1590,5879,40106,3083,5532,39128,2228,5726,39698,8304,4120,35902,11144,3782,33754,-0.861,1.598,-0.459,0.852,-0.626,1.160,-0.224,0.415,-1.613,2.991,-1.210,2.246,-2.141,3.972,-1.739,3.226,-682,-369,-464,-150,-1494,-1181,-2831,-2518
Brent,135234,3706,9938,38403,8150,9464,37093,5603,9753,37994,26218,6969,31349,37553,6280,28089,-2.046,3.788,-1.061,1.962,-1.253,2.323,-0.268,0.496,-7.522,13.948,-6.537,12.121,-8.459,15.686,-7.474,13.859,-651,-395,-369,-112,-2168,-1911,-3462,-3206
Brentwood,32346,323,2563,18159,891,2471,17781,591,2513,17983,3488,1921,16167,5463,1683,14788,-0.310,0.574,-0.206,0.381,-0.153,0.283,-0.049,0.091,-0.773,1.433,-0.669,1.240,-1.049,1.945,-0.945,1.752,-221,-148,-134,-61,-674,-602,-1350,-1278
Brighton and Hove,122973,6645,27335,49076,9521,26406,48065,9521,26530,48025,20589,22283,44327,31745,19055,39934,-1.088,2.018,-0.342,0.633,-0.990,1.835,-0.243,0.451,-2.745,5.092,-1.999,3.707,-3.238,6.007,-2.492,4.622,-843,-274,-861,-292,-1669,-1100,-3069,-2501
"Bristol, City of",192881,15797,38973,100080,21061,37574,97341,22961,37189,96441,37909,32523,88702,57768,27776,78006,-3.565,6.610,-0.920,1.703,-3.464,6.425,-0.819,1.519,-7.174,13.307,-4.529,8.400,-8.580,15.916,-5.935,11.009,-2926,-747,-3236,-1057,-4869,-2690,-8311,-6132
Broadland,55119,2404,3341,41071,4199,3157,39746,3767,3221,40099,10358,2431,35273,14495,2220,32056,-1.343,2.491,-0.609,1.129,-1.104,2.047,-0.369,0.685,-2.724,5.053,-1.990,3.691,-3.132,5.811,-2.398,4.448,-1039,-470,-926,-357,-2338,-1768,-3877,-3308
Bromley,136196,2197,8774,57403,5403,8402,55850,3955,8603,56654,18416,6269,48980,28980,5571,44084,-1.952,3.613,-1.018,1.882,-1.473,2.731,-0.539,1.000,-5.084,9.426,-4.151,7.695,-7.123,13.208,-6.189,11.477,-858,-512,-599,-253,-2734,-2388,-4835,-4489
Bromsgrove,40709,473,2821,31921,1235,2716,31361,901,2767,31603,4674,2094,28957,7830,1847,26479,-0.532,0.985,-0.318,0.589,-0.331,0.614,-0.118,0.218,-1.266,2.348,-1.053,1.952,-1.977,3.667,-1.764,3.272,-357,-217,-266,-127,-1018,-879,-2335,-2196
Broxbourne,42532,597,3056,27767,1880,2882,26900,1116,2969,27429,7203,1985,23337,9880,1870,21401,-0.522,0.967,-0.370,0.684,-0.282,0.522,-0.129,0.240,-1.731,3.211,-1.579,2.928,-2.134,3.958,-1.982,3.675,-391,-282,-203,-94,-1335,-1226,-2314,-2205
Broxtowe,48630,2226,4691,32363,3649,4488,31470,3583,4503,31519,8822,3577,28298,12955,3198,25447,-1.048,1.943,-0.425,0.787,-0.926,1.718,-0.303,0.562,-2.394,4.439,-1.771,3.284,-2.861,5.307,-2.238,4.152,-746,-304,-725,-283,-1648,-1206,-2880,-2438
Burnley,35333,397,4402,23401,1176,4266,22929,777,4343,23164,5453,3402,20455,9093,2917,18089,-0.386,0.715,-0.240,0.445,-0.225,0.417,-0.079,0.147,-1.576,2.924,-1.431,2.654,-2.071,3.841,-1.925,3.571,-214,-132,-154,-73,-775,-693,-1596,-1515
Bury,80667,1180,7128,55561,3514,6818,54065,2260,7004,54866,14679,5001,47174,21717,4455,42278,-1.539,2.851,-0.949,1.757,-0.900,1.668,-0.310,0.574,-4.986,9.248,-4.397,8.154,-6.020,11.165,-5.430,10.071,-761,-476,-521,-235,-2539,-2254,-4674,-4389
Calderdale,87439,880,9801,57892,1913,9617,57258,1629,9702,57414,7789,8322,53882,17862,6924,47471,-0.700,1.296,-0.325,0.601,-0.608,1.128,-0.233,0.433,-2.073,3.845,-1.698,3.149,-3.972,7.367,-3.597,6.671,-409,-194,-383,-168,-1183,-967,-3411,-3196
Cambridge,53295,17313,8696,17985,20473,7623,16580,18976,8233,17179,20056,7892,16544,21431,7696,15702,-1.861,3.451,-0.310,0.574,-1.729,3.208,-0.178,0.331,-1.949,3.616,-0.398,0.739,-2.066,3.833,-0.515,0.956,-1853,-308,-1766,-222,-1869,-324,-2200,-655
Camden,95275,6752,16527,10133,10873,15545,9786,9305,16040,9914,25571,11150,8532,33279,10176,7682,-1.803,3.340,-0.617,1.141,-1.586,2.941,-0.400,0.742,-4.647,8.617,-3.461,6.418,-4.724,8.761,-3.539,6.562,-324,-102,-284,-61,-645,-422,-972,-749
Cannock Chase,43826,635,3627,33373,1719,3480,32597,1254,3509,32964,6760,2640,29139,10220,2343,26483,-0.564,1.044,-0.366,0.678,-0.305,0.566,-0.108,0.200,-1.737,3.222,-1.540,2.856,-2.284,4.236,-2.086,3.869,-407,-264,-261,-118,-1289,-1146,-2522,-2378
Canterbury,58330,1757,9663,36250,3354,9210,35355,2834,9383,35629,10217,6960,31761,14227,6241,29160,-0.827,1.533,-0.437,0.810,-0.634,1.175,-0.244,0.452,-2.000,3.710,-1.610,2.987,-2.409,4.468,-2.019,3.745,-530,-280,-440,-190,-1403,-1153,-2577,-2328
Carlisle,48593,1393,8285,30766,3303,7873,29607,2509,8037,30093,12512,5694,24220,16239,5109,21727,-0.728,1.350,-0.427,0.792,-0.411,0.763,-0.110,0.204,-2.188,4.059,-1.887,3.500,-2.106,3.907,-1.805,3.349,-461,-270,-329,-138,-1521,-1330,-2312,-2121
Castle Point,38028,636,2380,25115,1649,2243,24412,1069,2315,24821,5913,1591,21515,8116,1491,19824,-0.497,0.922,-0.336,0.623,-0.312,0.578,-0.150,0.279,-1.387,2.572,-1.225,2.273,-1.616,2.997,-1.454,2.698,-324,-218,-193,-87,-1068,-962,-1863,-1757
Central Bedfordshire,117753,2072,9595,87578,4975,9081,85535,3439,9306,86662,16748,6588,77657,23655,6067,72126,-1.337,2.479,-0.861,1.595,-0.827,1.534,-0.351,0.650,-3.568,6.618,-3.092,5.734,-4.636,8.599,-4.159,7.715,-1169,-752,-708,-292,-3351,-2935,-6455,-6038
Charnwood,71937,2984,7974,50924,5353,7555,49340,4717,7635,49791,14240,5744,43624,19458,5216,39723,-1.325,2.457,-0.643,1.192,-1.045,1.938,-0.363,0.673,-3.144,5.832,-2.462,4.567,-3.646,6.763,-2.964,5.499,-1099,-521,-956,-378,-2641,-2063,-4502,-3924
Chelmsford,77923,2498,8201,47727,4813,7708,46296,4076,7854,46766,13805,5530,40990,17942,5117,37937,-0.985,1.826,-0.507,0.939,-0.715,1.327,-0.237,0.440,-2.331,4.324,-1.853,3.437,-2.673,4.958,-2.195,4.072,-824,-435,-644,-254,-2096,-1707,-3607,-3217
Cheltenham,53330,3835,10422,31297,6232,9737,29965,5350,10078,30386,14794,6936,25489,17821,6487,23421,-1.032,1.915,-0.397,0.737,-0.849,1.574,-0.214,0.397,-2.079,3.856,-1.444,2.678,-2.067,3.834,-1.432,2.656,-859,-329,-765,-235,-1776,-1246,-2601,-2071
Cherwell,66522,2566,8172,44908,4578,7760,43644,3738,7955,44201,12370,5865,38902,16471,5303,36065,-1.128,2.092,-0.502,0.931,-0.871,1.615,-0.245,0.455,-2.320,4.304,-1.695,3.144,-2.777,5.152,-2.152,3.992,-801,-368,-673,-240,-1757,-1324,-3071,-2638
Cheshire East,158564,4686,16349,117462,9498,15541,114071,7575,15843,115467,29189,11575,100811,39757,10506,92635,-2.807,5.205,-1.485,2.751,-2.182,4.048,-0.860,1.595,-6.573,12.192,-5.251,9.739,-7.848,14.558,-6.526,12.104,-2004,-1068,-1572,-637,-5191,-4255,-9131,-8196
Cheshire West and Chester,143567,4221,14733,104294,8463,14032,101437,7137,14198,102402,25296,10650,90705,34737,9613,83734,-2.803,5.197,-1.438,2.665,-2.144,3.977,-0.779,1.445,-6.385,11.844,-5.021,9.312,-7.607,14.110,-6.242,11.578,-1907,-985,-1524,-603,-4679,-3758,-8254,-7333
Chesterfield,44287,516,5025,30170,1750,4822,29400,976,4949,29887,8229,3612,25505,12100,3188,22873,-0.565,1.047,-0.383,0.710,-0.284,0.527,-0.102,0.190,-1.965,3.644,-1.783,3.306,-2.405,4.460,-2.223,4.123,-290,-196,-165,-71,-1104,-1009,-2094,-1999
Chichester,44898,2184,6043,30270,3732,5646,29303,3055,5793,29750,9077,4161,26070,11253,3946,24385,-0.621,1.152,-0.297,0.550,-0.475,0.881,-0.150,0.278,-1.300,2.412,-0.975,1.809,-1.485,2.755,-1.160,2.153,-597,-280,-479,-162,-1330,-1013,-2208,-1892
Chiltern,37846,398,2782,25755,1055,2679,25282,702,2730,25542,4009,2091,23281,6537,1821,21340,-0.315,0.583,-0.207,0.383,-0.168,0.312,-0.060,0.112,-0.829,1.537,-0.721,1.336,-1.171,2.172,-1.063,1.972,-274,-186,-162,-75,-854,-766,-1819,-1731
Chorley,48000,764,4242,36467,1967,4057,35619,1411,4151,36004,7464,3021,31948,11210,2686,29077,-0.815,1.510,-0.483,0.895,-0.638,1.183,-0.306,0.567,-2.263,4.198,-1.931,3.582,-2.868,5.319,-2.536,4.704,-502,-295,-367,-160,-1478,-1271,-2816,-2609
Christchurch,17933,985,1521,12934,1751,1418,12383,1539,1446,12543,4447,1005,10489,5503,955,9637,-0.401,0.744,-0.186,0.344,-0.364,0.675,-0.148,0.274,-0.949,1.760,-0.733,1.359,-0.972,1.803,-0.756,1.402,-336,-156,-290,-109,-809,-628,-1184,-1004
Colchester,77286,3334,9929,47092,5923,9394,45514,5193,9553,45989,15839,7108,39710,20912,6392,36354,-1.296,2.404,-0.612,1.134,-1.066,1.977,-0.381,0.707,-3.302,6.125,-2.617,4.855,-3.506,6.504,-2.822,5.234,-960,-457,-808,-304,-2346,-1843,-3744,-3241
Copeland,30223,555,2974,20949,1112,2905,20564,927,2915,20699,3730,2504,18841,6863,2138,16663,-0.530,0.984,-0.252,0.468,-0.407,0.756,-0.130,0.240,-1.197,2.221,-0.920,1.706,-1.678,3.113,-1.400,2.598,-272,-130,-222,-81,-734,-593,-1585,-1444
Corby,28899,858,2666,19103,2081,2524,18328,1383,2595,18783,7787,1789,14781,9585,1644,13547,-0.706,1.310,-0.415,0.771,-0.364,0.675,-0.073,0.136,-2.192,4.067,-1.901,3.528,-2.137,3.964,-1.846,3.425,-273,-160,-172,-59,-906,-793,-1322,-1209
"Cornwall,Isles of Scilly",207820,3980,29497,147988,6885,28813,146128,6598,28926,146295,21042,24806,137662,41075,20974,124054,-2.257,4.185,-0.860,1.594,-2.033,3.770,-0.636,1.180,-4.520,8.386,-3.124,5.795,-7.550,14.007,-6.154,11.416,-1556,-610,-1575,-629,-3424,-2478,-8653,-7706
Cotswold,33780,838,4618,24690,1646,4400,24176,1232,4504,24448,4977,3360,22204,6937,3038,20756,-0.416,0.772,-0.211,0.391,-0.298,0.553,-0.093,0.172,-0.768,1.425,-0.563,1.044,-1.004,1.863,-0.799,1.481,-339,-175,-250,-86,-795,-630,-1569,-1405
County Durham,207840,2216,21599,147003,6321,20909,144377,4137,21212,145841,26026,16826,132577,44050,14518,120410,-2.645,4.903,-1.768,3.277,-1.313,2.435,-0.436,0.808,-8.526,15.814,-7.649,14.187,-12.544,23.270,-11.668,21.644,-1521,-1009,-914,-401,-4777,-4264,-10759,-10246
Coventry,127985,3612,15103,78225,8091,14376,75636,6361,14652,76652,27973,10598,64620,38165,9462,58183,-2.478,4.595,-1.349,2.500,-1.798,3.336,-0.669,1.241,-7.934,14.717,-6.805,12.622,-8.516,15.797,-7.387,13.702,-1380,-751,-1058,-429,-4014,-3385,-6583,-5954
Craven,23165,334,3835,15798,691,3738,15580,636,3757,15611,2419,3172,14612,4387,2712,13344,-0.238,0.442,-0.110,0.203,-0.222,0.411,-0.093,0.173,-0.514,0.953,-0.385,0.715,-0.736,1.366,-0.608,1.128,-172,-82,-171,-80,-418,-328,-968,-877
Crawley,51952,1389,4605,32029,3572,4334,30682,2270,4463,31497,13307,3029,24790,16357,2793,22747,-0.645,1.196,-0.419,0.777,-0.359,0.665,-0.133,0.247,-2.533,4.699,-2.308,4.281,-2.444,4.533,-2.218,4.115,-477,-308,-284,-115,-1659,-1490,-2408,-2238
Croydon,158039,2123,12356,59926,6492,11786,58172,3716,12180,59351,25510,8624,50250,37633,7836,45153,-2.153,3.985,-1.302,2.407,-1.273,2.361,-0.422,0.783,-7.217,13.381,-6.367,11.804,-9.161,16.987,-8.310,15.410,-818,-548,-449,-179,-2911,-2641,-5030,-4760
Dacorum,64900,795,6630,44183,2118,6396,43282,1454,6503,43745,8586,4996,39139,13503,4321,35600,-0.533,0.987,-0.330,0.611,-0.354,0.656,-0.151,0.279,-1.633,3.028,-1.430,2.651,-2.179,4.041,-1.976,3.664,-471,-298,-309,-137,-1484,-1312,-3013,-2841
Darlington,44978,1154,6301,29061,2937,5948,28007,2147,6089,28495,10927,4151,23506,13723,3815,21629,-0.709,1.315,-0.425,0.787,-0.459,0.851,-0.174,0.323,-2.426,4.500,-2.141,3.972,-2.561,4.750,-2.276,4.222,-455,-278,-302,-124,-1357,-1180,-2215,-2038
Dartford,45967,527,3366,27492,1517,3239,26850,991,3297,27197,6129,2484,23925,9667,2166,21571,-0.523,0.968,-0.343,0.636,-0.314,0.582,-0.135,0.250,-1.756,3.257,-1.577,2.925,-2.369,4.394,-2.190,4.061,-329,-217,-196,-84,-1102,-991,-2106,-1994
Daventry,33922,540,3038,26789,1221,2917,26296,930,2958,26519,4224,2267,24240,6576,1996,22392,-0.381,0.707,-0.220,0.408,-0.260,0.482,-0.099,0.184,-0.905,1.679,-0.744,1.381,-1.310,2.431,-1.150,2.132,-320,-184,-233,-96,-845,-709,-1814,-1678
Derby,104945,4175,13807,66140,7807,13163,63931,6925,13326,64455,23038,9970,55149,31673,8859,49497,-2.538,4.707,-1.141,2.115,-2.035,3.776,-0.638,1.183,-6.142,11.393,-4.745,8.801,-6.663,12.359,-5.265,9.767,-1404,-625,-1248,-468,-3437,-2657,-5601,-4821
Derbyshire Dales,28795,358,3491,21634,665,3427,21424,648,3434,21433,2109,3060,20511,4623,2553,18796,-0.202,0.373,-0.081,0.150,-0.212,0.394,-0.092,0.171,-0.371,0.688,-0.250,0.464,-0.636,1.180,-0.516,0.957,-213,-86,-228,-101,-444,-317,-1174,-1047
Doncaster,123210,3237,12262,82613,7672,11588,79817,5235,11932,81398,25718,8438,68824,33953,7764,63120,-3.118,5.782,-1.859,3.446,-2.012,3.733,-0.753,1.398,-8.735,16.204,-7.476,13.869,-9.232,17.126,-7.973,14.791,-1519,-903,-1011,-394,-4492,-3876,-7180,-6563
Dover,45403,1047,5690,31006,1962,5473,30448,1697,5544,30601,5992,4320,28192,9537,3818,25750,-0.693,1.285,-0.327,0.606,-0.629,1.166,-0.263,0.488,-1.384,2.567,-1.018,1.889,-2.093,3.883,-1.727,3.205,-400,-193,-347,-140,-915,-707,-2034,-1827
Dudley,131530,1730,10695,94409,4657,10370,92357,3375,10490,93300,19681,8320,82151,34124,7068,71753,-1.923,3.563,-1.207,2.234,-1.118,2.073,-0.401,0.744,-6.265,11.619,-5.549,10.290,-8.300,15.394,-7.583,14.065,-1020,-643,-670,-292,-3713,-3336,-7455,-7077
Ealing,150457,4776,11037,52069,10318,10363,49982,7291,10770,51317,30650,7253,41941,41107,6790,38220,-3.304,6.122,-1.689,3.127,-2.261,4.193,-0.646,1.198,-9.497,17.613,-7.883,14.618,-10.440,19.361,-8.825,16.366,-1141,-666,-705,-231,-3411,-2937,-5110,-4635
East Cambridgeshire,38410,1231,2372,29082,2355,2191,28266,1539,2325,28858,5688,1571,25902,7671,1490,24274,-0.818,1.518,-0.454,0.841,-0.536,0.995,-0.172,0.318,-1.656,3.073,-1.292,2.396,-2.136,3.962,-1.771,3.285,-623,-346,-392,-115,-1357,-1080,-2452,-2175
East Devon,50171,1293,6700,35060,2018,6529,34608,2219,6489,34480,5043,5590,32931,9667,4704,29857,-0.619,1.148,-0.217,0.402,-0.703,1.303,-0.301,0.558,-1.032,1.914,-0.630,1.169,-1.790,3.320,-1.388,2.575,-475,-171,-529,-225,-870,-566,-2205,-1901
East Dorset,34342,967,1837,28245,1916,1742,27484,1580,1766,27764,5434,1305,24751,7880,1191,22661,-0.555,1.028,-0.281,0.521,-0.452,0.838,-0.178,0.330,-1.132,2.100,-0.859,1.593,-1.373,2.546,-1.099,2.039,-557,-283,-455,-181,-1363,-1089,-2410,-2136
East Hampshire,50274,972,4760,37529,1910,4558,36888,1586,4620,37116,5842,3540,34363,9191,3100,31817,-0.483,0.896,-0.261,0.484,-0.379,0.704,-0.158,0.292,-1.104,2.047,-0.882,1.636,-1.593,2.956,-1.372,2.544,-435,-238,-341,-143,-1110,-913,-2384,-2186
East Hertfordshire,63827,906,5976,42224,2125,5739,41396,1587,5841,41764,7584,4390,37963,11804,3845,34852,-0.642,1.191,-0.383,0.710,-0.404,0.750,-0.145,0.269,-1.460,2.708,-1.201,2.227,-1.952,3.620,-1.693,3.139,-518,-313,-368,-162,-1481,-1276,-3006,-2801
East Lindsey,47980,2033,6881,34195,3722,6427,33132,2888,6633,33670,9266,4784,29806,11584,4438,28066,-1.157,2.146,-0.553,1.026,-0.886,1.643,-0.282,0.523,-1.942,3.603,-1.338,2.483,-2.121,3.935,-1.517,2.814,-806,-372,-636,-203,-1635,-1202,-2674,-2240
East Northamptonshire,38387,553,3587,30133,1343,3431,29579,909,3494,29905,4686,2620,27391,7276,2319,25378,-0.400,0.742,-0.261,0.484,-0.207,0.385,-0.069,0.127,-1.020,1.893,-0.882,1.635,-1.493,2.769,-1.354,2.512,-363,-233,-209,-80,-979,-849,-2106,-1977
East Riding of Yorkshire,140484,5849,14868,101545,10895,13923,98128,7915,14491,100141,28076,10280,86891,35487,9675,81094,-3.194,5.924,-1.650,3.061,-2.216,4.111,-0.673,1.248,-6.581,12.209,-5.038,9.346,-7.190,13.339,-5.647,10.475,-2316,-1189,-1673,-546,-5419,-4292,-8704,-7577
East Staffordshire,49536,1742,6158,34754,3638,5784,33537,2795,5928,34095,11121,4100,28917,14003,3806,26755,-0.868,1.609,-0.463,0.859,-0.650,1.205,-0.245,0.455,-2.271,4.213,-1.867,3.463,-2.479,4.598,-2.074,3.847,-622,-336,-460,-173,-1649,-1362,-2704,-2418
Eastbourne,40296,1329,6263,24338,2900,5938,23393,2226,6087,23795,9936,4275,19322,12607,3888,17561,-0.567,1.051,-0.310,0.574,-0.413,0.766,-0.156,0.289,-1.711,3.174,-1.454,2.697,-1.656,3.071,-1.398,2.594,-408,-219,-317,-129,-1209,-1020,-1780,-1591
Eastleigh,59771,1652,4591,44710,3359,4348,43490,2863,4397,43865,10284,3167,38707,14991,2909,34972,-0.872,1.616,-0.452,0.837,-0.699,1.295,-0.278,0.516,-2.368,4.393,-1.948,3.614,-2.937,5.447,-2.517,4.668,-782,-403,-644,-265,-2090,-1710,-3804,-3425
Eden,21802,327,3623,15432,683,3522,15210,537,3557,15306,2360,2943,14264,4139,2510,13099,-0.218,0.404,-0.111,0.205,-0.143,0.265,-0.036,0.067,-0.412,0.765,-0.305,0.566,-0.594,1.103,-0.487,0.904,-166,-87,-124,-45,-407,-328,-939,-860
Elmbridge,55169,2015,3441,31842,3685,3233,30693,3244,3315,30985,9308,2300,26821,12408,2165,24628,-0.962,1.782,-0.419,0.775,-0.856,1.587,-0.313,0.580,-2.073,3.843,-1.530,2.836,-2.489,4.616,-1.946,3.609,-849,-388,-768,-307,-1929,-1468,-3037,-2576
Enfield,125859,1911,8312,55378,6185,7851,53276,3356,8129,54751,23770,5498,44360,32768,5087,40247,-2.239,4.146,-1.482,2.742,-1.072,1.987,-0.315,0.583,-6.693,12.410,-5.936,11.006,-7.737,14.346,-6.980,12.942,-887,-623,-435,-172,-3187,-2923,-5009,-4746
Epping Forest,54929,484,3231,32260,1570,3106,31562,932,3165,31996,6081,2354,28627,9880,2095,26201,-0.753,1.394,-0.501,0.927,-0.376,0.698,-0.125,0.231,-2.030,3.764,-1.778,3.297,-3.010,5.582,-2.758,5.115,-409,-282,-226,-98,-1294,-1167,-2570,-2443
Epsom and Ewell,34076,953,2841,18791,2018,2682,18142,1614,2756,18386,6178,1896,15573,8494,1756,14138,-0.555,1.028,-0.278,0.514,-0.432,0.801,-0.154,0.286,-1.297,2.405,-1.020,1.890,-1.587,2.944,-1.310,2.429,-383,-199,-312,-128,-1043,-859,-1677,-1493
Erewash,50422,1873,4917,35188,3380,4678,34185,3180,4683,34354,9074,3577,30570,13080,3199,27687,-1.103,2.045,-0.496,0.919,-1.031,1.912,-0.424,0.786,-2.488,4.615,-1.881,3.489,-3.027,5.614,-2.420,4.488,-757,-335,-704,-283,-1739,-1317,-3073,-2651
Exeter,52530,3553,12684,25844,4991,12270,25137,5412,12150,24942,10605,10396,22586,16529,8729,19666,-0.756,1.403,-0.213,0.394,-0.727,1.349,-0.184,0.341,-1.461,2.710,-0.917,1.701,-1.634,3.031,-1.090,2.023,-543,-153,-588,-198,-1009,-619,-1759,-1369
Fareham,51048,2061,3696,38218,3671,3499,37019,3447,3534,37176,9497,2594,32846,13102,2399,29945,-1.012,1.877,-0.428,0.793,-1.029,1.909,-0.445,0.825,-2.214,4.107,-1.630,3.023,-2.643,4.903,-2.059,3.819,-938,-396,-915,-373,-2021,-1479,-3417,-2874
Fenland,40013,2037,3718,29090,3635,3442,27969,2507,3635,28766,8981,2466,24278,10610,2385,22946,-0.983,1.823,-0.512,0.950,-0.638,1.184,-0.167,0.310,-2.089,3.875,-1.618,3.002,-2.270,4.211,-1.799,3.337,-582,-300,-383,-101,-1349,-1066,-2104,-1822
Forest Heath,28588,1133,2835,21515,2208,2639,20746,1546,2719,21261,5950,1937,18089,7443,1799,16902,-0.652,1.210,-0.387,0.719,-0.365,0.677,-0.100,0.185,-1.411,2.617,-1.146,2.125,-1.554,2.882,-1.289,2.391,-424,-243,-257,-76,-1095,-914,-1754,-1573
Forest of Dean,33754,450,3018,26281,869,2947,25977,786,2946,26050,2800,2555,24641,5664,2146,22502,-0.285,0.528,-0.152,0.282,-0.223,0.413,-0.090,0.168,-0.618,1.145,-0.485,0.900,-1.080,2.004,-0.948,1.759,-225,-119,-189,-83,-572,-465,-1481,-1375
Fylde,30644,964,3352,22274,2334,3111,21334,1561,3250,21861,7462,2070,17958,9144,1983,16593,-0.897,1.664,-0.527,0.977,-0.553,1.026,-0.183,0.339,-1.990,3.692,-1.620,3.005,-2.016,3.740,-1.646,3.053,-515,-303,-345,-133,-1437,-1225,-2190,-1978
Gateshead,85775,1316,8004,50382,3244,7772,49336,2414,7887,49820,12535,6350,44566,21813,5378,39317,-1.340,2.484,-0.771,1.428,-0.849,1.575,-0.280,0.519,-5.001,9.275,-4.432,8.220,-6.608,12.257,-6.039,11.202,-660,-383,-490,-213,-2055,-1778,-4223,-3946
Gedling,50662,1044,4139,33804,2256,4004,33039,2008,4025,33211,7876,3206,29650,13059,2763,26278,-0.796,1.476,-0.425,0.787,-0.599,1.111,-0.228,0.423,-2.411,4.472,-2.040,3.783,-3.051,5.659,-2.680,4.971,-498,-265,-418,-185,-1448,-1216,-2768,-2535
Gloucester,57213,3050,6715,37901,5698,6276,36196,4736,6437,36818,15638,4398,30008,18952,4167,27547,-1.542,2.860,-0.744,1.380,-1.256,2.330,-0.458,0.850,-4.002,7.424,-3.204,5.945,-3.953,7.333,-3.155,5.853,-940,-446,-765,-270,-2322,-1828,-3360,-2865
Gosport,37292,4296,3875,22811,6086,3566,21660,6099,3602,21646,10648,2656,18810,12100,2608,17700,-2.363,4.384,-0.534,0.990,-2.453,4.550,-0.623,1.156,-3.333,6.184,-1.504,2.789,-3.382,6.273,-1.552,2.878,-1307,-302,-1433,-427,-1887,-881,-2439,-1434
Gravesham,43904,450,3618,27521,1308,3462,26989,894,3521,27258,5439,2559,24563,8439,2291,22468,-0.475,0.880,-0.320,0.593,-0.221,0.409,-0.066,0.122,-1.318,2.444,-1.163,2.157,-1.892,3.508,-1.737,3.221,-254,-175,-146,-66,-847,-768,-1835,-1755
Great Yarmouth,37636,1706,4927,23969,3383,4594,22907,2539,4755,23447,9967,3155,18856,11708,3035,17553,-1.137,2.109,-0.604,1.120,-0.751,1.394,-0.218,0.405,-2.733,5.070,-2.200,4.082,-2.587,4.799,-2.054,3.810,-487,-261,-346,-120,-1347,-1121,-1901,-1675
Greenwich,108599,2676,7143,30937,5544,6862,30040,4266,7015,30545,16454,5352,26206,25517,4733,23486,-1.887,3.494,-0.872,1.612,-1.478,2.741,-0.464,0.860,-5.849,10.845,-4.834,8.963,-7.454,13.823,-6.440,11.941,-546,-300,-374,-128,-1638,-1391,-2761,-2515
Guildford,61175,1778,7640,38046,3266,7326,37128,2807,7429,37412,9336,5759,33656,13647,5016,30782,-0.460,0.852,-0.227,0.421,-0.390,0.724,-0.158,0.293,-1.412,2.619,-1.180,2.188,-1.741,3.228,-1.508,2.797,-630,-315,-524,-209,-1567,-1253,-2886,-2571
Hackney,106991,16411,13246,12517,21749,12289,11884,21195,12578,12058,32465,9159,10295,39208,8595,9438,-3.159,5.854,-0.675,1.247,-2.970,5.509,-0.486,0.901,-6.541,12.129,-4.056,7.521,-6.910,12.815,-4.426,8.207,-747,-170,-707,-130,-1122,-545,-1468,-891
Halton,54030,1192,5239,37735,2811,5012,36664,2230,5053,37088,10076,3794,32054,14491,3362,28939,-1.177,2.182,-0.696,1.291,-0.675,1.251,-0.194,0.360,-3.429,6.361,-2.949,5.470,-4.014,7.446,-3.534,6.555,-577,-341,-398,-162,-1742,-1507,-3069,-2833
Hambleton,38188,1203,5654,27442,2499,5289,26636,1851,5455,27051,7344,3815,23740,9349,3478,22269,-0.397,0.737,-0.204,0.378,-0.318,0.590,-0.125,0.231,-0.852,1.581,-0.659,1.222,-0.979,1.816,-0.785,1.457,-496,-252,-384,-140,-1141,-897,-1973,-1730
Hammersmith and Fulham,89545,7122,12031,11130,11382,11127,10653,9935,11532,10841,24186,7595,9203,30156,7306,8509,-2.105,3.901,-0.706,1.306,-1.797,3.333,-0.398,0.737,-5.474,10.151,-4.074,7.555,-5.666,10.508,-4.266,7.912,-425,-144,-366,-84,-806,-525,-1142,-860
Harborough,37835,892,3624,29296,1820,3431,28652,1398,3508,28955,5459,2550,26252,7939,2307,24274,-0.483,0.896,-0.269,0.499,-0.362,0.671,-0.148,0.274,-1.041,1.930,-0.827,1.533,-1.437,2.666,-1.223,2.268,-447,-245,-342,-140,-1101,-899,-2219,-2017
Haringey,112205,5922,7233,21649,9458,6887,20918,8707,7022,21210,20947,5176,18156,30490,4675,16398,-3.005,5.567,-1.003,1.855,-2.555,4.739,-0.554,1.027,-7.408,13.736,-5.406,10.024,-8.850,16.411,-6.848,12.699,-603,-226,-516,-139,-1329,-952,-2068,-1691
Harlow,37754,1025,4100,24051,2191,3904,23320,1778,3956,23606,7513,2879,20117,10198,2569,18283,-0.626,1.160,-0.350,0.649,-0.433,0.803,-0.158,0.293,-1.720,3.191,-1.445,2.680,-1.957,3.631,-1.682,3.120,-344,-195,-252,-103,-1017,-869,-1742,-1594
Harrogate,69642,1730,10532,47284,3553,10086,46173,2948,10215,46553,12050,7742,41254,17480,6790,37611,-0.543,1.007,-0.295,0.546,-0.393,0.728,-0.144,0.268,-1.513,2.806,-1.265,2.346,-1.937,3.592,-1.688,3.131,-582,-312,-463,-193,-1603,-1333,-3082,-2812
Harrow,102887,874,6783,45549,3807,6441,44060,1628,6689,45175,16564,4533,37446,24088,4157,33833,-1.189,2.201,-0.909,1.681,-0.446,0.828,-0.166,0.308,-3.857,7.150,-3.577,6.630,-4.875,9.039,-4.595,8.519,-606,-473,-236,-103,-2408,-2275,-4027,-3894
Hart,41260,941,2766,31488,2016,2615,30672,1597,2650,31010,6230,1959,27548,8889,1771,25350,-0.430,0.796,-0.258,0.477,-0.356,0.661,-0.184,0.342,-1.118,2.074,-0.947,1.755,-1.352,2.507,-1.180,2.189,-505,-300,-370,-164,-1426,-1221,-2553,-2348
Hartlepool,35388,710,4317,22916,2393,4041,21896,1404,4184,22507,9859,2673,17490,11550,2556,16283,-0.884,1.640,-0.609,1.130,-0.448,0.832,-0.173,0.322,-2.517,4.669,-2.242,4.159,-2.435,4.517,-2.160,4.007,-343,-236,-198,-91,-1180,-1073,-1746,-1639
Hastings,36462,576,6093,21463,1168,5969,21122,1025,5993,21212,4565,5149,19232,8856,4287,16701,-0.303,0.561,-0.150,0.278,-0.245,0.455,-0.092,0.171,-0.955,1.772,-0.802,1.489,-1.324,2.455,-1.171,2.172,-171,-86,-150,-65,-535,-450,-1154,-1069
Havant,50832,1639,4042,36344,3373,3808,35150,2738,3886,35598,10193,2738,30581,13731,2543,27886,-1.249,2.316,-0.653,1.210,-1.014,1.881,-0.418,0.775,-2.882,5.347,-2.286,4.241,-3.262,6.051,-2.666,4.945,-684,-359,-556,-231,-1823,-1498,-3034,-2710
Havering,104717,1002,6631,51700,4407,6241,49797,1937,6505,51186,18137,4207,41998,24554,3938,38494,-1.593,2.952,-1.226,2.271,-0.562,1.041,-0.194,0.360,-4.845,8.985,-4.478,8.304,-5.804,10.764,-5.437,10.083,-814,-629,-335,-149,-2977,-2792,-4702,-4516
"Herefordshire, County of",75565,3241,11142,52942,5339,10641,51597,4969,10688,51881,13448,8446,46621,18835,7506,42772,-1.126,2.088,-0.401,0.743,-1.027,1.905,-0.302,0.559,-2.112,3.918,-1.387,2.573,-2.538,4.709,-1.813,3.363,-1040,-377,-984,-321,-2027,-1364,-3605,-2942
Hertsmere,43641,495,3408,26685,1489,3261,26054,872,3355,26435,5934,2405,23288,9256,2147,21082,-0.574,1.062,-0.369,0.683,-0.319,0.592,-0.115,0.213,-1.562,2.896,-1.358,2.517,-2.222,4.121,-2.018,3.742,-345,-225,-211,-91,-1114,-994,-2168,-2048
High Peak,40269,612,5812,27237,1076,5705,26947,1163,5696,26891,3509,4978,25549,7363,4151,23093,-0.450,0.833,-0.166,0.306,-0.424,0.787,-0.140,0.260,-0.800,1.484,-0.516,0.957,-1.499,2.781,-1.215,2.254,-259,-98,-294,-133,-535,-374,-1464,-1303
Hillingdon,119558,1901,8334,65626,6393,7844,63025,3251,8145,64873,25063,5373,52305,32737,5039,47669,-1.966,3.642,-1.394,2.581,-0.932,1.729,-0.360,0.667,-6.393,11.856,-5.821,10.794,-6.907,12.809,-6.335,11.747,-1157,-820,-557,-220,-4069,-3733,-6243,-5907
Hinckley and Bosworth,48150,1218,4043,37362,2447,3864,36463,1977,3908,36829,7393,2952,33038,10902,2636,30280,-0.694,1.287,-0.378,0.700,-0.516,0.956,-0.199,0.370,-1.762,3.267,-1.446,2.681,-2.313,4.290,-1.997,3.704,-611,-331,-460,-180,-1554,-1274,-2983,-2702
Horsham,56931,1092,5744,40848,2467,5440,39953,1855,5558,40370,8223,3958,36408,11547,3584,33883,-0.579,1.073,-0.354,0.656,-0.392,0.727,-0.167,0.309,-1.456,2.701,-1.231,2.284,-1.932,3.585,-1.708,3.167,-509,-310,-353,-155,-1396,-1198,-2764,-2566
Hounslow,116282,4056,8825,48181,9379,8203,45760,6342,8567,47259,28637,5485,36821,35459,5295,33907,-2.176,4.031,-1.191,2.205,-1.421,2.636,-0.437,0.809,-7.162,13.282,-6.177,11.456,-7.167,13.292,-6.183,11.466,-1238,-733,-786,-281,-3661,-3156,-5053,-4548
Huntingdonshire,79094,3175,7178,57708,5598,6727,56028,4300,6979,56923,13726,4974,50619,17789,4666,47363,-1.197,2.220,-0.581,1.078,-0.861,1.597,-0.245,0.455,-2.556,4.742,-1.941,3.600,-3.039,5.638,-2.424,4.496,-1222,-597,-898,-274,-2672,-2047,-4556,-3931
Hyndburn,33240,398,3769,23142,1071,3673,22695,734,3714,22920,4694,3025,20411,8316,2548,17960,-0.520,0.964,-0.322,0.597,-0.253,0.470,-0.056,0.103,-1.688,3.130,-1.490,2.764,-2.277,4.225,-2.080,3.858,-227,-139,-153,-65,-795,-707,-1666,-1577
Ipswich,61022,3026,10519,35211,5240,10018,33941,4731,10105,34288,14356,7690,28979,19087,6801,26121,-1.027,1.905,-0.465,0.862,-0.830,1.540,-0.268,0.497,-2.471,4.583,-1.908,3.540,-2.549,4.728,-1.987,3.685,-701,-317,-586,-202,-1712,-1329,-2709,-2326
Isle of Wight,52278,1774,9508,32452,2903,9203,31789,2895,9204,31797,7915,7528,29100,13045,6427,25835,-1.067,1.980,-0.389,0.722,-0.904,1.676,-0.226,0.419,-1.868,3.466,-1.190,2.208,-2.523,4.681,-1.845,3.423,-555,-209,-555,-209,-1183,-837,-2457,-2111
Islington,97001,9775,16122,9196,14315,15146,8832,13266,15480,8921,28236,11226,7685,35781,10140,6970,-2.241,4.153,-0.640,1.183,-2.039,3.781,-0.437,0.811,-5.659,10.494,-4.058,7.524,-5.601,10.387,-4.000,7.417,-370,-101,-348,-79,-652,-383,-927,-658
Kensington and Chelsea,68418,3712,9227,9667,7017,8633,9228,5085,8998,9482,19307,5927,7602,24179,5612,6969,-1.288,2.386,-0.582,1.076,-0.876,1.624,-0.170,0.315,-3.795,7.038,-3.089,5.728,-3.607,6.690,-2.901,5.381,-271,-114,-202,-46,-649,-492,-907,-750
Kettering,42539,851,4913,31211,1983,4701,30441,1544,4762,30760,7293,3539,27004,10628,3130,24517,-0.509,0.945,-0.303,0.561,-0.330,0.612,-0.123,0.229,-1.381,2.562,-1.174,2.178,-1.732,3.213,-1.525,2.829,-420,-244,-301,-125,-1232,-1056,-2320,-2144
King's Lynn and West Norfolk,59587,3166,5386,43449,5458,5017,41826,4231,5195,42723,12737,3755,36780,15817,3530,34300,-1.679,3.115,-0.801,1.486,-1.149,2.131,-0.270,0.502,-3.381,6.272,-2.502,4.642,-3.621,6.717,-2.742,5.088,-1115,-522,-828,-235,-2453,-1860,-3776,-3183
"Kingston upon Hull, City of",105527,8974,12741,56855,16182,11657,52759,12801,12165,54711,39302,7756,39991,43256,7646,37354,-5.791,10.742,-2.610,4.842,-4.359,8.086,-1.178,2.185,-13.173,24.439,-9.993,18.538,-11.045,20.491,-7.865,14.591,-2249,-997,-1791,-539,-5175,-3922,-6239,-4987
Kingston upon Thames,73340,3292,7725,29454,5781,7223,28362,5139,7459,28645,14398,5064,24498,19055,4758,22353,-1.235,2.287,-0.481,0.888,-1.147,2.128,-0.393,0.729,-2.739,5.079,-1.985,3.680,-3.346,6.203,-2.592,4.805,-785,-339,-702,-257,-1797,-1352,-2761,-2316
Kirklees,175257,1794,17866,119209,4305,17504,117615,3367,17645,118198,17789,15070,109493,37161,12622,96781,-1.417,2.624,-0.786,1.452,-1.032,1.913,-0.400,0.742,-4.935,9.150,-4.303,7.979,-8.237,15.276,-7.605,14.105,-960,-537,-766,-342,-3071,-2647,-7841,-7417
Knowsley,58350,967,5610,34797,3144,5322,33561,1968,5445,34269,12526,3853,28401,16705,3558,25841,-1.829,3.392,-1.253,2.323,-0.893,1.657,-0.317,0.588,-5.425,10.063,-4.848,8.993,-5.697,10.567,-5.120,9.497,-604,-412,-344,-153,-2059,-1868,-3297,-3106
Lambeth,153166,12945,11951,19159,19146,11228,18423,18285,11522,18552,36218,8274,16060,48381,7583,14531,-5.183,9.607,-1.512,2.798,-4.749,8.809,-1.078,2.000,-12.665,23.490,-8.994,16.681,-14.031,26.024,-10.361,19.216,-755,-225,-730,-200,-1376,-846,-2000,-1470
Lancaster,56425,2499,8749,35090,4342,8403,33951,4017,8447,34179,12017,6675,29410,16347,5871,26716,-1.269,2.354,-0.503,0.932,-1.025,1.902,-0.259,0.480,-2.845,5.278,-2.078,3.856,-3.005,5.575,-2.239,4.153,-670,-272,-643,-244,-1569,-1171,-2486,-2088
Leeds,326680,6250,40270,191282,13929,38937,187223,10969,39561,188814,51046,31033,168662,84897,26604,149291,-3.976,7.365,-2.118,3.919,-2.683,4.976,-0.825,1.529,-14.463,26.823,-12.605,23.377,-18.960,35.165,-17.101,31.719,-2517,-1364,-1994,-840,-7619,-6465,-15476,-14322
Leicester,128501,4999,22373,68057,10636,21165,65188,7987,21741,66529,35253,15191,53168,44762,13760,47752,-2.385,4.422,-1.263,2.342,-1.621,3.006,-0.499,0.926,-8.311,15.417,-7.190,13.338,-7.698,14.279,-6.576,12.200,-1385,-726,-1035,-376,-4085,-3427,-5942,-5284
Lewes,39535,784,4554,24599,1368,4427,24250,1361,4422,24279,3880,3720,22851,7007,3178,20942,-0.448,0.830,-0.187,0.346,-0.405,0.751,-0.143,0.266,-0.805,1.493,-0.544,1.009,-1.331,2.469,-1.070,1.985,-299,-131,-296,-127,-645,-477,-1555,-1387
Lewisham,125061,5178,8261,28042,9115,7873,27109,8256,7968,27461,22893,5928,23324,33499,5314,20882,-3.058,5.666,-1.205,2.229,-2.529,4.691,-0.676,1.254,-8.705,16.143,-6.852,12.706,-10.282,19.068,-8.429,15.631,-643,-294,-520,-171,-1685,-1336,-2681,-2332
Lichfield,43077,631,3358,33367,1612,3214,32653,1085,3268,33060,5769,2435,29779,8858,2161,27378,-0.523,0.969,-0.341,0.632,-0.304,0.564,-0.122,0.227,-1.454,2.697,-1.272,2.360,-2.003,3.714,-1.821,3.377,-439,-286,-254,-101,-1286,-1132,-2601,-2447
Lincoln,41644,2651,8456,23483,4488,8002,22422,3858,8182,22776,11401,5957,18678,14034,5397,17085,-0.884,1.639,-0.360,0.667,-0.787,1.461,-0.263,0.489,-2.061,3.824,-1.537,2.852,-1.899,3.524,-1.375,2.552,-617,-255,-531,-168,-1390,-1027,-1944,-1581
Liverpool,185117,3978,24091,91877,12110,22777,88064,7244,23547,90367,48306,15948,71823,61656,14647,65046,-4.507,8.356,-2.984,5.531,-2.195,4.072,-0.673,1.247,-18.051,33.484,-16.528,30.659,-16.932,31.409,-15.409,28.584,-1705,-1124,-985,-403,-5924,-5342,-8733,-8151
Luton,83350,1156,11317,49313,3616,10837,47888,2091,11131,48767,15960,8024,41069,22182,7085,37306,-0.966,1.791,-0.644,1.193,-0.473,0.877,-0.151,0.280,-3.634,6.741,-3.312,6.144,-3.951,7.329,-3.629,6.732,-545,-367,-307,-129,-1965,-1787,-3316,-3137
Maidstone,69244,918,8127,47372,2312,7840,46474,1683,7965,46895,9068,6152,42424,14532,5306,38651,-0.548,1.016,-0.331,0.614,-0.380,0.704,-0.163,0.302,-1.774,3.290,-1.557,2.888,-2.369,4.393,-2.152,3.991,-489,-302,-328,-141,-1540,-1353,-3173,-2987
Maldon,26342,558,2087,19239,1219,1966,18770,842,2023,19047,3754,1442,17043,5141,1320,15940,-0.334,0.620,-0.213,0.394,-0.197,0.366,-0.076,0.141,-0.613,1.137,-0.491,0.911,-0.756,1.402,-0.635,1.177,-265,-165,-154,-54,-715,-615,-1307,-1207
Malvern Hills,28317,604,2497,22011,1191,2411,21576,1098,2422,21650,3688,1956,19817,5742,1718,18233,-0.459,0.851,-0.223,0.413,-0.425,0.788,-0.189,0.350,-0.988,1.833,-0.752,1.396,-1.300,2.412,-1.065,1.975,-322,-156,-305,-139,-767,-602,-1498,-1332
Manchester,199011,8447,29441,92132,17706,27731,88091,12921,28763,90017,54419,19525,72888,67894,17957,66196,-4.990,9.251,-2.508,4.647,-3.370,6.250,-0.888,1.646,-19.472,36.120,-16.990,31.516,-18.165,33.695,-15.683,29.091,-2368,-1195,-1802,-628,-6347,-5174,-9188,-8015
Mansfield,44892,670,4300,32091,1819,4135,31323,1258,4206,31705,7477,3188,27673,11524,2778,24792,-0.646,1.197,-0.409,0.758,-0.363,0.673,-0.126,0.234,-2.071,3.842,-1.834,3.403,-2.565,4.759,-2.328,4.319,-383,-239,-256,-113,-1282,-1139,-2426,-2282
Medway,117133,1425,11700,76943,3246,11387,75750,2739,11443,76127,12401,9443,70089,22665,8008,63123,-1.165,2.159,-0.674,1.248,-0.829,1.538,-0.339,0.628,-3.752,6.959,-3.261,6.048,-5.545,10.286,-5.055,9.376,-676,-401,-503,-228,-2148,-1873,-4854,-4579
Melton,22802,572,2900,16645,1137,2767,16283,939,2796,16425,3642,2102,14764,5143,1858,13705,-0.184,0.341,-0.101,0.186,-0.127,0.235,-0.043,0.080,-0.413,0.765,-0.329,0.610,-0.584,1.083,-0.500,0.928,-207,-114,-156,-63,-489,-396,-999,-907
Mendip,45508,1177,6400,33099,2007,6194,32557,2002,6166,32589,5588,5140,30382,9331,4415,27750,-0.556,1.031,-0.248,0.459,-0.488,0.905,-0.179,0.332,-1.003,1.860,-0.694,1.288,-1.474,2.733,-1.165,2.161,-417,-186,-399,-168,-920,-689,-2043,-1812
Merton,95760,3425,6889,27120,6709,6460,26018,5446,6659,26559,18183,4482,21824,24857,4195,19923,-2.029,3.759,-0.880,1.627,-1.609,2.984,-0.460,0.853,-5.042,9.349,-3.892,7.217,-5.931,10.999,-4.782,8.867,-655,-327,-495,-167,-1745,-1417,-2580,-2252
Mid Devon,31885,697,4025,23159,1155,3906,22871,1182,3889,22862,3047,3306,21781,5557,2800,20081,-0.302,0.561,-0.113,0.210,-0.326,0.604,-0.137,0.253,-0.518,0.961,-0.329,0.610,-0.924,1.715,-0.735,1.364,-272,-102,-296,-126,-508,-338,-1313,-1143
Mid Suffolk,41458,1331,3324,32015,2273,3159,31330,1923,3201,31606,5298,2532,29227,7986,2237,27122,-0.589,1.093,-0.290,0.538,-0.442,0.820,-0.143,0.265,-1.139,2.112,-0.839,1.557,-1.537,2.852,-1.238,2.297,-596,-293,-456,-152,-1264,-960,-2456,-2153
Mid Sussex,63120,972,7143,40780,2195,6884,39978,1735,6961,40302,8025,5345,36430,12552,4680,33228,-0.479,0.888,-0.282,0.522,-0.322,0.597,-0.125,0.231,-1.306,2.422,-1.109,2.056,-1.854,3.438,-1.657,3.073,-457,-274,-333,-150,-1320,-1137,-2779,-2596
Middlesbrough,51336,1381,6785,31215,3871,6350,29790,2733,6523,30482,14623,4226,23840,17683,4029,21688,-1.820,3.375,-1.126,2.089,-1.049,1.945,-0.355,0.658,-5.764,10.693,-5.070,9.406,-5.328,9.884,-4.634,8.597,-627,-382,-421,-176,-2047,-1802,-2930,-2686
Milton Keynes,115640,3611,9150,79474,7292,8708,76952,5913,8879,77895,23102,6516,66434,32522,5829,59518,-1.828,3.390,-0.955,1.770,-1.381,2.562,-0.508,0.942,-6.059,11.239,-5.185,9.619,-6.600,12.244,-5.727,10.624,-1411,-741,-1108,-438,-4109,-3440,-6700,-6031
Mole Valley,35855,778,3497,23468,1464,3368,23005,1320,3397,23098,4264,2668,21251,6826,2334,19414,-0.423,0.784,-0.198,0.367,-0.367,0.681,-0.143,0.264,-0.949,1.759,-0.724,1.342,-1.382,2.562,-1.157,2.146,-362,-174,-326,-138,-846,-657,-1756,-1568
New Forest,72220,3093,5744,54614,5321,5420,52957,4662,5506,53465,13049,4104,47381,17656,3786,43653,-1.426,2.644,-0.619,1.147,-1.293,2.399,-0.486,0.901,-2.702,5.013,-1.895,3.515,-3.219,5.972,-2.412,4.474,-1280,-546,-1142,-408,-2683,-1949,-4545,-3811
Newark and Sherwood,47813,2117,5129,34677,3590,4817,33704,2820,4977,34219,8525,3612,30594,11016,3380,28665,-0.954,1.769,-0.420,0.779,-0.712,1.321,-0.178,0.330,-1.874,3.477,-1.340,2.486,-2.363,4.384,-1.829,3.394,-707,-312,-552,-156,-1430,-1035,-2565,-2169
Newcastle upon Tyne,111295,3229,15387,54307,7151,14689,52542,5245,15028,53441,24792,11058,44955,34705,9809,40042,-2.336,4.331,-1.288,2.388,-1.394,2.586,-0.347,0.643,-7.728,14.336,-6.681,12.393,-8.177,15.169,-7.130,13.227,-965,-539,-690,-263,-2925,-2498,-4878,-4451
Newcastle-under-Lyme,52594,673,4673,38815,1872,4525,37972,1229,4605,38429,7956,3617,33865,13195,3118,30034,-0.715,1.326,-0.446,0.826,-0.385,0.715,-0.116,0.214,-2.184,4.051,-1.914,3.551,-2.846,5.279,-2.576,4.778,-428,-269,-280,-120,-1482,-1322,-2965,-2805
Newham,123793,2168,8574,25444,6942,8011,24284,3385,8423,25185,25684,5274,19614,33827,5135,18080,-1.997,3.698,-1.296,2.397,-0.898,1.666,-0.197,0.365,-8.557,15.869,-7.856,14.567,-9.120,16.913,-8.418,15.611,-481,-330,-213,-62,-1686,-1535,-2415,-2264
North Devon,37388,1534,7343,23781,2227,7157,23366,2494,7072,23220,5007,6290,21810,8804,5298,19493,-0.463,0.858,-0.154,0.285,-0.472,0.876,-0.163,0.303,-0.850,1.576,-0.541,1.003,-1.176,2.181,-0.867,1.608,-360,-118,-403,-160,-687,-445,-1491,-1249
North Dorset,28311,667,4314,20576,1193,4161,20246,1026,4200,20358,3508,3410,18876,5701,2905,17389,-0.170,0.315,-0.077,0.142,-0.145,0.268,-0.051,0.095,-0.374,0.694,-0.281,0.521,-0.555,1.029,-0.461,0.856,-250,-112,-215,-76,-551,-412,-1216,-1077
North East Derbyshire,42333,328,2723,32440,1059,2648,31912,598,2687,32252,4701,2173,29388,8667,1871,26406,-0.372,0.689,-0.257,0.476,-0.208,0.386,-0.093,0.173,-1.601,2.970,-1.486,2.756,-2.408,4.467,-2.293,4.253,-287,-196,-162,-71,-1033,-942,-2363,-2272
North East Lincolnshire,66454,3835,7865,43388,7726,7272,40822,5614,7543,42275,22004,4899,31546,24873,4763,29337,-2.165,4.016,-1.130,2.097,-1.386,2.571,-0.351,0.652,-5.563,10.320,-4.528,8.401,-4.859,9.014,-3.825,7.095,-1186,-622,-807,-243,-3211,-2647,-4138,-3574
North Hertfordshire,57675,1224,5855,38198,2573,5576,37311,1922,5727,37727,8416,4121,33689,11964,3709,31078,-0.586,1.085,-0.320,0.593,-0.467,0.865,-0.201,0.373,-1.493,2.769,-1.227,2.276,-1.925,3.571,-1.660,3.078,-518,-290,-381,-153,-1392,-1164,-2666,-2438
North Kesteven,46645,2018,4103,35004,3534,3853,33925,2867,3960,34415,8459,2969,30501,11317,2757,28244,-0.743,1.379,-0.357,0.662,-0.616,1.142,-0.229,0.425,-1.653,3.066,-1.266,2.350,-1.923,3.568,-1.537,2.851,-820,-394,-640,-215,-1801,-1376,-3044,-2618
North Lincolnshire,71499,2976,7074,52630,5870,6641,50581,4355,6849,51676,16868,4788,43025,20606,4486,40069,-1.762,3.269,-0.911,1.689,-1.295,2.402,-0.443,0.823,-4.135,7.671,-3.284,6.092,-4.342,8.055,-3.490,6.475,-1107,-567,-809,-269,-2757,-2217,-4223,-3684
North Norfolk,36607,1215,4395,26666,2197,4164,26018,1756,4238,26334,5738,3221,23796,8058,2864,22101,-0.750,1.390,-0.360,0.668,-0.542,1.006,-0.153,0.283,-1.258,2.333,-0.868,1.610,-1.526,2.831,-1.137,2.109,-496,-236,-377,-117,-1076,-816,-1939,-1679
North Somerset,86271,2663,8526,63090,5153,8099,61387,4355,8267,61916,14788,6095,55075,20340,5525,50837,-1.606,2.977,-0.704,1.305,-1.530,2.839,-0.629,1.166,-3.536,6.559,-2.634,4.887,-4.445,8.245,-3.543,6.572,-1182,-520,-1118,-456,-2574,-1911,-4661,-3999
North Tyneside,89302,2350,7596,52672,5809,7184,50674,4248,7378,51607,20254,5094,42586,26868,4690,38536,-2.217,4.111,-1.243,2.304,-1.466,2.719,-0.492,0.912,-6.487,12.033,-5.513,10.226,-6.857,12.719,-5.883,10.912,-1151,-635,-894,-378,-3299,-2783,-5167,-4651
North Warwickshire,27967,356,1982,21907,895,1915,21510,672,1925,21690,3231,1531,19893,5579,1312,18099,-0.395,0.731,-0.251,0.465,-0.252,0.468,-0.109,0.202,-1.120,2.077,-0.976,1.810,-1.619,3.003,-1.476,2.737,-273,-173,-180,-81,-791,-691,-1715,-1615
North West Leicestershire,41453,762,3461,32819,1810,3301,32059,1253,3381,32466,6427,2455,28861,9368,2216,26507,-0.534,0.989,-0.305,0.565,-0.359,0.665,-0.130,0.241,-1.365,2.531,-1.136,2.106,-1.817,3.370,-1.588,2.945,-439,-252,-302,-115,-1214,-1027,-2400,-2213
Northampton,98619,2736,11094,66418,6214,10555,64170,4741,10761,65148,22266,7742,54072,30040,6952,48622,-1.630,3.022,-0.920,1.706,-1.034,1.918,-0.325,0.602,-5.420,10.053,-4.710,8.737,-5.643,10.468,-4.933,9.152,-1024,-581,-753,-310,-3263,-2821,-5162,-4719
Northumberland,129493,2080,14714,90857,5218,14136,88844,3562,14411,89930,18513,11192,80747,27527,9943,74476,-2.030,3.764,-1.204,2.232,-1.296,2.404,-0.470,0.872,-5.074,9.413,-4.248,7.880,-6.521,12.096,-5.694,10.564,-1261,-744,-886,-369,-3409,-2892,-6717,-6200
Norwich,57893,5480,14364,27701,7816,13613,26572,7540,13770,26675,15444,10697,23176,19890,9487,20845,-1.317,2.442,-0.365,0.677,-1.317,2.443,-0.365,0.677,-2.351,4.362,-1.400,2.596,-2.291,4.251,-1.340,2.486,-958,-272,-968,-282,-1617,-931,-2347,-1661
Nottingham,114786,4273,19132,54206,8006,18379,52541,6916,18600,53039,24587,14490,45528,35275,12602,40553,-2.206,4.089,-1.028,1.904,-1.658,3.074,-0.479,0.889,-6.806,12.624,-5.628,10.439,-7.092,13.154,-5.913,10.969,-1030,-473,-873,-316,-2726,-2169,-4448,-3891
Nuneaton and Bedworth,55973,1273,5331,40650,3016,5072,39463,2334,5126,39980,10630,3714,34506,14815,3349,31402,-0.867,1.607,-0.520,0.964,-0.517,0.958,-0.170,0.316,-2.587,4.798,-2.240,4.156,-3.022,5.606,-2.676,4.964,-644,-386,-432,-174,-1906,-1648,-3347,-3089
Oadby and Wigston,24315,799,2156,17014,1716,2045,16388,1394,2070,16626,5595,1494,13809,7577,1362,12354,-0.568,1.053,-0.312,0.578,-0.390,0.724,-0.134,0.249,-1.606,2.980,-1.351,2.506,-1.640,3.043,-1.385,2.569,-354,-190,-271,-108,-1048,-885,-1613,-1450
Oldham,89235,994,9666,57916,3546,9298,56371,1987,9531,57313,16559,7059,48782,25149,6161,43202,-1.691,3.134,-1.167,2.163,-0.840,1.558,-0.317,0.587,-6.198,11.496,-5.674,10.525,-7.232,13.414,-6.708,12.443,-666,-460,-384,-177,-2538,-2331,-4627,-4421
Oxford,62814,11962,11778,22763,15017,10825,21683,14623,11107,21758,19225,9424,19967,22631,8807,18379,-1.729,3.208,-0.384,0.711,-1.628,3.020,-0.282,0.524,-2.321,4.305,-0.975,1.808,-2.440,4.526,-1.094,2.029,-1140,-261,-1128,-248,-1505,-626,-2080,-1200
Pendle,36075,499,5050,24521,1256,4901,24051,914,4960,24263,5367,3957,21623,8837,3401,19329,-0.449,0.832,-0.264,0.489,-0.277,0.514,-0.092,0.170,-1.378,2.557,-1.193,2.213,-1.862,3.454,-1.677,3.111,-228,-131,-181,-84,-742,-645,-1552,-1455
Peterborough,81164,5015,7539,50873,8998,7015,48323,6977,7300,49591,23306,4987,39344,27590,4725,36249,-2.537,4.707,-1.179,2.187,-1.919,3.560,-0.561,1.041,-6.402,11.876,-5.043,9.357,-5.918,10.980,-4.560,8.460,-1395,-645,-1090,-340,-3451,-2701,-4639,-3889
Plymouth,109901,3061,16628,65285,4922,16247,64237,5229,16277,64009,14289,13884,59355,28210,11677,51017,-1.380,2.559,-0.460,0.852,-1.220,2.263,-0.299,0.555,-3.264,6.055,-2.344,4.348,-4.936,9.156,-4.015,7.449,-829,-276,-895,-342,-1909,-1355,-4334,-3780
Poole,64563,3406,6899,43984,5588,6586,42487,5597,6569,42500,14193,5120,36794,20114,4517,32471,-1.326,2.459,-0.531,0.985,-1.233,2.287,-0.438,0.812,-3.151,5.844,-2.356,4.370,-3.477,6.450,-2.682,4.975,-1041,-414,-1027,-400,-2408,-1781,-3835,-3208
Portsmouth,89822,7038,15638,48065,11900,14396,45547,10428,14823,46315,28036,9834,37439,31677,9629,34950,-2.636,4.889,-1.032,1.913,-2.078,3.855,-0.474,0.879,-5.713,10.598,-4.109,7.622,-5.376,9.972,-3.772,6.997,-1489,-581,-1328,-420,-3099,-2191,-4222,-3315
Preston,59349,1455,8319,36077,3575,7948,34855,2478,8154,35477,13529,5901,29447,18311,5235,26540,-1.310,2.429,-0.735,1.363,-0.808,1.500,-0.234,0.434,-3.673,6.814,-3.099,5.748,-3.851,7.144,-3.276,6.078,-608,-340,-429,-161,-1797,-1529,-2908,-2640
Purbeck,18435,615,2372,13150,1105,2269,12821,1021,2287,12882,2909,1830,11670,4396,1589,10607,-0.253,0.470,-0.114,0.212,-0.281,0.521,-0.142,0.264,-0.556,1.031,-0.417,0.773,-0.674,1.249,-0.535,0.992,-276,-123,-260,-107,-615,-462,-1126,-973
Reading,73119,3264,13120,35908,6100,12353,34612,5087,12652,35060,17419,8876,29732,21907,8130,27220,-1.016,1.883,-0.471,0.872,-0.799,1.482,-0.254,0.470,-3.107,5.764,-2.562,4.753,-3.131,5.808,-2.586,4.797,-780,-368,-637,-225,-1882,-1470,-2921,-2509
Redbridge,114179,1362,6759,44310,5163,6364,42563,2429,6663,43847,20114,4302,35327,27696,4076,32282,-1.946,3.604,-1.333,2.467,-0.902,1.672,-0.289,0.535,-5.818,10.787,-5.204,9.650,-6.766,12.546,-6.152,11.409,-754,-557,-340,-144,-2769,-2573,-4212,-4016
Redcar and Cleveland,52493,877,5354,36372,2616,5090,35239,1653,5234,35891,9918,3702,30728,13464,3388,28147,-1.075,1.994,-0.706,1.309,-0.627,1.164,-0.258,0.478,-3.494,6.481,-3.124,5.796,-3.980,7.384,-3.611,6.699,-584,-384,-358,-158,-1804,-1604,-3140,-2940
Redditch,39425,669,3212,28357,1602,3104,27735,1175,3149,28024,5970,2508,24946,9683,2143,22354,-0.632,1.171,-0.373,0.691,-0.374,0.693,-0.115,0.213,-1.797,3.332,-1.538,2.852,-2.337,4.334,-2.078,3.854,-354,-211,-245,-101,-1073,-930,-2141,-1998
Reigate and Banstead,63058,1187,5845,39478,2528,5617,38594,2113,5693,38862,8356,4350,34919,13199,3814,31509,-0.714,1.322,-0.373,0.691,-0.560,1.038,-0.219,0.407,-1.946,3.609,-1.606,2.977,-2.593,4.809,-2.252,4.177,-584,-312,-477,-204,-1600,-1327,-3092,-2819
Ribble Valley,24765,381,2648,19189,862,2554,18851,696,2574,18976,3200,2006,17301,5332,1725,15678,-0.237,0.440,-0.140,0.260,-0.163,0.303,-0.066,0.123,-0.687,1.275,-0.590,1.095,-1.019,1.890,-0.922,1.710,-197,-117,-146,-66,-584,-504,-1298,-1217
Richmond upon Thames,85760,5875,7246,30465,8989,6742,29137,8548,6939,29382,17326,4839,25347,22281,4617,23473,-2.195,4.067,-0.682,1.261,-2.100,3.894,-0.587,1.088,-3.638,6.745,-2.125,3.939,-4.269,7.915,-2.755,5.108,-1179,-424,-1124,-370,-2220,-1465,-3145,-2390
Richmondshire,22981,447,4232,15164,899,4097,14917,634,4190,15045,3006,3388,13869,5093,2857,12637,-0.134,0.248,-0.065,0.120,-0.104,0.194,-0.035,0.065,-0.360,0.668,-0.291,0.540,-0.478,0.886,-0.408,0.757,-184,-92,-153,-62,-440,-349,-989,-897
Rochdale,83990,914,8203,56135,3180,7901,54704,1790,8079,55588,14832,6039,47613,22717,5257,42361,-1.517,2.813,-1.054,1.953,-0.738,1.368,-0.274,0.508,-5.527,10.252,-5.064,9.392,-6.712,12.450,-6.248,11.590,-621,-430,-349,-159,-2345,-2155,-4369,-4178
Rochford,36766,502,2071,24161,1528,1969,23412,932,2023,23852,5986,1430,20256,8259,1304,18511,-0.421,0.780,-0.294,0.544,-0.206,0.381,-0.078,0.145,-1.318,2.445,-1.191,2.209,-1.425,2.643,-1.298,2.407,-354,-247,-201,-94,-1228,-1120,-2013,-1905
Rossendale,29614,238,2491,22384,646,2434,22102,448,2465,22234,2768,2053,20723,5555,1724,18731,-0.262,0.485,-0.157,0.291,-0.146,0.271,-0.041,0.077,-0.784,1.454,-0.680,1.260,-1.360,2.522,-1.255,2.328,-177,-107,-133,-62,-537,-466,-1407,-1337
Rother,31524,474,3400,22140,1055,3276,21761,905,3297,21867,3805,2588,20063,6218,2260,18315,-0.337,0.626,-0.188,0.349,-0.272,0.504,-0.122,0.227,-0.806,1.496,-0.657,1.219,-1.163,2.157,-1.014,1.880,-221,-124,-179,-82,-633,-536,-1382,-1285
Rotherham,106447,991,8578,75555,3168,8319,74112,1937,8447,74941,14295,6675,67070,24869,5737,59713,-1.357,2.515,-0.905,1.676,-0.767,1.423,-0.315,0.584,-5.100,9.459,-4.647,8.620,-7.120,13.207,-6.668,12.368,-752,-496,-463,-207,-2679,-2423,-5741,-5485
Rugby,45419,1508,4830,32673,2756,4612,31821,2436,4641,32072,7720,3566,28617,11104,3147,26144,-0.728,1.349,-0.350,0.649,-0.539,1.000,-0.161,0.299,-1.622,3.009,-1.244,2.308,-2.025,3.756,-1.647,3.056,-583,-286,-474,-176,-1381,-1084,-2536,-2239
Runnymede,36071,1171,3450,24965,2506,3234,24016,1925,3323,24431,7524,2263,20595,9649,2123,18914,-0.620,1.149,-0.344,0.636,-0.438,0.813,-0.162,0.301,-1.501,2.783,-1.225,2.271,-1.619,3.002,-1.343,2.490,-570,-318,-424,-172,-1520,-1268,-2389,-2137
Rushcliffe,48130,1632,3648,34680,3069,3450,33737,2609,3543,34026,8353,2543,30426,11650,2319,27998,-0.876,1.625,-0.421,0.779,-0.749,1.390,-0.293,0.544,-2.022,3.750,-1.566,2.904,-2.394,4.441,-1.939,3.596,-723,-346,-636,-260,-1689,-1313,-2950,-2574
Rushmoor,46706,1417,4794,31563,2904,4565,30553,2360,4652,30919,9044,3463,26523,12262,3114,24228,-0.546,1.012,-0.309,0.572,-0.350,0.649,-0.113,0.210,-1.746,3.239,-1.509,2.799,-1.947,3.612,-1.710,3.172,-527,-298,-414,-185,-1508,-1279,-2489,-2260
Rutland,15119,609,2488,10561,1029,2346,10319,872,2401,10408,2594,1800,9444,3500,1601,8822,-0.114,0.211,-0.050,0.092,-0.105,0.195,-0.041,0.076,-0.243,0.452,-0.179,0.332,-0.290,0.537,-0.225,0.418,-169,-73,-148,-52,-369,-273,-674,-578
Ryedale,20535,770,2868,14534,1215,2739,14261,1174,2731,14306,2566,2295,13484,3999,1994,12512,-0.354,0.657,-0.131,0.243,-0.308,0.572,-0.085,0.158,-0.535,0.992,-0.312,0.579,-0.671,1.244,-0.448,0.831,-317,-120,-292,-95,-558,-361,-1088,-891
Salford,99226,2502,13891,57918,6178,13208,55934,4334,13584,56917,22246,9617,47718,30282,8579,42932,-2.105,3.902,-1.197,2.218,-1.378,2.557,-0.470,0.872,-7.525,13.957,-6.616,12.272,-7.800,14.467,-6.891,12.782,-1132,-651,-806,-326,-3393,-2913,-5504,-5024
Sandwell,121137,2007,10992,74057,5570,10574,71948,3686,10759,73086,22981,8130,61915,35227,7094,54316,-2.293,4.250,-1.483,2.746,-1.261,2.339,-0.450,0.835,-8.589,15.930,-7.778,14.427,-9.915,18.390,-9.104,16.886,-982,-631,-609,-257,-3605,-3254,-6387,-6035
Scarborough,42141,1083,9753,24511,2144,9408,23959,1870,9517,24084,7481,7416,21396,11175,6437,19295,-0.502,0.931,-0.213,0.394,-0.434,0.806,-0.145,0.269,-1.089,2.020,-0.800,1.483,-1.214,2.252,-0.925,1.715,-322,-140,-299,-117,-816,-634,-1515,-1333
Sedgemoor,47617,2484,5144,34989,4229,4801,33783,3413,4959,34346,10008,3548,29897,12572,3297,27866,-1.106,2.052,-0.485,0.900,-0.852,1.580,-0.231,0.428,-2.014,3.736,-1.393,2.585,-2.286,4.242,-1.666,3.090,-778,-335,-650,-208,-1625,-1183,-2656,-2214
Sefton,112329,3198,11622,69378,8337,10848,66335,5686,11233,67912,28599,7346,54709,34146,7103,51086,-4.005,7.428,-2.471,4.582,-2.591,4.806,-1.057,1.960,-10.165,18.855,-8.631,16.010,-10.101,18.737,-8.567,15.892,-1432,-861,-1013,-442,-4111,-3540,-6053,-5483
Selby,38265,1037,3073,28914,2122,2858,28184,1522,2964,28605,5758,2024,25837,7503,1924,24440,-0.503,0.933,-0.282,0.523,-0.350,0.650,-0.129,0.239,-1.145,2.123,-0.923,1.713,-1.500,2.782,-1.278,2.371,-501,-279,-359,-137,-1143,-920,-2117,-1894
Sevenoaks,48653,458,3680,29574,1168,3555,29097,842,3613,29303,4420,2810,27031,7631,2428,24725,-0.383,0.710,-0.228,0.421,-0.286,0.531,-0.130,0.242,-0.896,1.660,-0.740,1.371,-1.380,2.558,-1.224,2.269,-313,-189,-244,-120,-908,-783,-2049,-1925
Sheffield,226477,4276,29377,129283,7852,28791,127397,7228,28843,127774,25973,25286,118276,52751,21202,103637,-2.117,3.922,-1.025,1.898,-1.488,2.759,-0.396,0.735,-6.834,12.675,-5.743,10.651,-10.245,19.004,-9.154,16.979,-1270,-607,-1108,-445,-3710,-3047,-8711,-8048
Shepway,43208,869,5740,28886,1845,5523,28277,1413,5611,28562,6255,4349,25731,9612,3802,23503,-0.608,1.128,-0.325,0.603,-0.437,0.811,-0.154,0.286,-1.388,2.575,-1.105,2.050,-1.924,3.570,-1.642,3.045,-363,-195,-277,-109,-924,-756,-1896,-1728
Shropshire,128742,4339,17077,92722,7350,16382,90772,6796,16474,91199,18742,13382,83759,28272,11664,77086,-1.810,3.358,-0.822,1.525,-1.598,2.965,-0.610,1.132,-3.655,6.781,-2.667,4.948,-4.726,8.768,-3.738,6.935,-1515,-689,-1354,-529,-3332,-2506,-6511,-5686
Slough,62540,1578,6198,39345,4429,5775,37559,2488,6068,38766,15880,3829,30579,19226,3652,28210,-1.194,2.214,-0.779,1.445,-0.605,1.123,-0.191,0.354,-3.912,7.256,-3.497,6.487,-3.780,7.011,-3.365,6.242,-789,-518,-430,-159,-2526,-2255,-3681,-3411
Solihull,88376,1346,5547,62608,4259,5245,60618,2474,5414,61852,16804,3691,52246,23463,3403,47425,-1.612,2.987,-1.107,2.050,-0.841,1.560,-0.336,0.622,-5.097,9.453,-4.592,8.516,-5.839,10.829,-5.333,9.892,-981,-667,-541,-227,-3337,-3023,-5700,-5387
South Bucks,28088,434,1591,20532,1221,1514,19919,764,1562,20271,4427,1123,17491,6243,1015,16017,-0.471,0.874,-0.313,0.580,-0.290,0.538,-0.132,0.244,-1.194,2.213,-1.035,1.920,-1.352,2.507,-1.193,2.213,-345,-229,-216,-99,-1092,-976,-1845,-1729
South Cambridgeshire,68976,6041,4326,48107,8298,4009,46516,7944,4194,46723,12230,3166,43795,16280,2952,40632,-2.167,4.020,-0.605,1.123,-2.174,4.034,-0.613,1.137,-2.872,5.328,-1.310,2.431,-3.540,6.567,-1.978,3.670,-2159,-636,-2160,-637,-2972,-1450,-4801,-3278
South Derbyshire,42929,756,2817,34371,1734,2705,33626,1358,2738,33924,5808,2114,30663,9231,1861,27934,-0.776,1.438,-0.439,0.813,-0.495,0.918,-0.158,0.293,-1.819,3.374,-1.482,2.748,-2.350,4.360,-2.013,3.734,-522,-294,-402,-175,-1426,-1199,-2756,-2529
South Gloucestershire,124257,5301,10256,90904,8548,9815,88557,8970,9848,88273,20387,7751,80267,31194,6918,72032,-2.170,4.024,-0.752,1.393,-2.108,3.910,-0.690,1.280,-4.287,7.952,-2.869,5.321,-5.601,10.389,-4.183,7.758,-2229,-791,-2439,-1001,-4354,-2916,-7981,-6543
South Hams,32377,509,4675,23110,796,4605,22923,908,4575,22857,2050,4199,22206,5009,3499,20288,-0.223,0.413,-0.075,0.139,-0.234,0.435,-0.086,0.160,-0.404,0.749,-0.256,0.474,-0.795,1.476,-0.648,1.201,-226,-79,-265,-119,-432,-285,-1298,-1152
South Holland,36735,1727,2913,27869,3314,2695,26692,2193,2839,27534,8523,1927,22886,10072,1861,21591,-0.839,1.556,-0.456,0.845,-0.495,0.918,-0.112,0.207,-1.907,3.537,-1.523,2.826,-2.003,3.716,-1.620,3.005,-657,-353,-408,-105,-1543,-1239,-2330,-2027
South Kesteven,58853,1883,7347,42368,3499,6969,41313,2921,7072,41722,9802,5251,37437,13398,4731,34820,-0.839,1.556,-0.422,0.783,-0.622,1.154,-0.205,0.381,-1.726,3.201,-1.309,2.428,-2.148,3.984,-1.731,3.211,-697,-354,-547,-203,-1600,-1257,-2912,-2569
South Lakeland,42834,1365,7902,28620,2167,7672,28132,2234,7642,28105,5679,6504,26156,9214,5570,23943,-0.551,1.022,-0.167,0.310,-0.510,0.947,-0.126,0.234,-0.822,1.525,-0.438,0.812,-1.093,2.028,-0.709,1.315,-427,-133,-480,-185,-768,-473,-1647,-1352
South Norfolk,52757,1866,3321,40224,3293,3122,39187,2759,3190,39597,7875,2400,35951,11455,2191,33129,-1.166,2.162,-0.538,0.998,-0.971,1.802,-0.344,0.638,-2.212,4.103,-1.584,2.938,-2.782,5.162,-2.155,3.997,-920,-421,-765,-266,-1933,-1434,-3511,-3011
South Northamptonshire,39127,475,2621,31762,1256,2496,31180,830,2560,31500,4425,1881,28928,7000,1683,26814,-0.458,0.850,-0.297,0.551,-0.314,0.582,-0.152,0.282,-1.090,2.022,-0.929,1.722,-1.535,2.847,-1.373,2.548,-376,-245,-242,-111,-1088,-957,-2288,-2157
South Oxfordshire,60005,2514,6605,41679,4109,6233,40650,3616,6360,40972,9279,4862,37438,12962,4409,34714,-0.975,1.808,-0.418,0.776,-0.897,1.665,-0.341,0.632,-1.752,3.250,-1.196,2.217,-2.217,4.113,-1.661,3.080,-922,-397,-832,-308,-1838,-1314,-3329,-2805
South Ribble,51261,1588,3857,38267,3373,3641,36977,2838,3702,37375,10681,2602,31893,14522,2411,28916,-0.931,1.726,-0.477,0.884,-0.805,1.494,-0.351,0.651,-2.541,4.713,-2.087,3.871,-2.826,5.241,-2.372,4.399,-788,-399,-663,-274,-2078,-1689,-3395,-3006
South Somerset,68619,2209,10092,49248,3724,9719,48257,3485,9750,48440,10107,7867,44378,15925,6766,40280,-0.817,1.516,-0.354,0.656,-0.741,1.374,-0.277,0.515,-1.708,3.168,-1.244,2.308,-2.378,4.411,-1.914,3.551,-759,-327,-680,-248,-1655,-1223,-3407,-2975
South Staffordshire,47544,552,2519,38142,1709,2409,37250,982,2469,37820,6647,1817,33565,10418,1631,30483,-0.591,1.095,-0.410,0.759,-0.356,0.660,-0.175,0.324,-1.938,3.593,-1.756,3.257,-2.478,4.596,-2.297,4.260,-525,-362,-291,-128,-1736,-1574,-3336,-3173
South Tyneside,60940,1402,5779,35104,3594,5481,33855,2603,5628,34437,13187,3921,28571,17762,3589,25788,-1.861,3.452,-1.063,1.971,-1.273,2.362,-0.475,0.881,-4.993,9.261,-4.194,7.780,-5.460,10.128,-4.662,8.648,-655,-377,-476,-197,-1972,-1694,-3206,-2927
Southampton,105192,5154,17874,58802,8788,16985,56906,8065,17200,57262,23512,12850,49646,32115,11511,44428,-1.776,3.292,-0.721,1.336,-1.426,2.646,-0.372,0.690,-4.837,8.973,-3.783,7.017,-5.236,9.713,-4.182,7.757,-1289,-522,-1182,-415,-2990,-2223,-4871,-4104
Southend-on-Sea,74313,2270,10682,39130,5259,10024,37417,3723,10359,38281,18239,6841,30255,21940,6384,27841,-1.134,2.103,-0.656,1.216,-0.688,1.277,-0.210,0.390,-3.488,6.471,-3.010,5.584,-3.158,5.858,-2.680,4.971,-696,-407,-481,-192,-2180,-1891,-3060,-2771
Southwark,135587,10473,17504,17166,17147,16311,16400,14774,16919,16696,38889,11350,13753,48428,10543,12517,-3.441,6.376,-1.181,2.185,-2.760,5.119,-0.500,0.928,-9.597,17.799,-7.338,13.608,-9.252,17.159,-6.993,12.968,-603,-213,-521,-130,-1257,-867,-1763,-1373
Spelthorne,45582,1319,2807,31599,3362,2606,30114,2211,2736,30932,10866,1710,24744,13423,1668,22763,-1.288,2.387,-0.772,1.430,-0.901,1.671,-0.385,0.714,-3.394,6.295,-2.878,5.338,-3.380,6.270,-2.864,5.313,-820,-495,-571,-246,-2391,-2066,-3427,-3102
St Albans,62407,1190,5450,37388,2549,5224,36447,2041,5293,36802,8396,4003,32625,12325,3538,29726,-0.595,1.102,-0.334,0.618,-0.408,0.756,-0.147,0.273,-1.667,3.092,-1.407,2.608,-2.046,3.794,-1.785,3.310,-563,-323,-428,-188,-1618,-1378,-2970,-2729
St Edmundsbury,50376,1676,7023,35490,3042,6702,34614,2476,6826,34987,8986,5134,30966,12390,4567,28561,-0.497,0.923,-0.236,0.437,-0.398,0.739,-0.137,0.253,-1.198,2.223,-0.937,1.737,-1.482,2.750,-1.221,2.264,-538,-255,-429,-146,-1249,-967,-2248,-1965
St. Helens,73454,1096,6261,52032,3582,5954,50376,2192,6097,51331,14839,4296,43180,20376,3889,39160,-1.722,3.192,-1.174,2.176,-0.924,1.713,-0.376,0.697,-5.399,10.014,-4.851,8.998,-5.890,10.926,-5.343,9.910,-817,-554,-481,-217,-2783,-2520,-4632,-4368
Stafford,57001,1762,6596,41442,3580,6238,40228,2939,6363,40668,11187,4515,35363,14977,4127,32437,-1.075,1.994,-0.564,1.046,-0.722,1.340,-0.211,0.392,-2.502,4.641,-1.991,3.693,-2.946,5.465,-2.435,4.516,-684,-362,-540,-217,-1814,-1491,-3184,-2861
Staffordshire Moorlands,41869,457,3878,32956,1058,3783,32516,875,3798,32662,4011,3163,30513,7915,2660,27557,-0.350,0.649,-0.201,0.371,-0.276,0.512,-0.126,0.234,-0.974,1.806,-0.824,1.529,-1.655,3.069,-1.505,2.792,-308,-175,-238,-106,-871,-739,-2211,-2079
Stevenage,39701,1043,3788,26057,2127,3622,25368,1759,3665,25624,7082,2759,22344,9940,2448,20379,-0.472,0.876,-0.252,0.466,-0.385,0.714,-0.165,0.305,-1.542,2.860,-1.322,2.451,-1.829,3.392,-1.608,2.983,-362,-188,-285,-111,-1008,-834,-1786,-1612
Stockport,124337,2763,10729,85219,7255,10184,82225,5198,10434,83609,26639,7300,69731,36565,6595,62750,-2.491,4.617,-1.481,2.743,-1.666,3.090,-0.656,1.216,-7.725,14.328,-6.715,12.454,-8.292,15.379,-7.281,13.505,-1591,-953,-1151,-513,-4968,-4330,-7978,-7340
Stockton-on-Tees,80959,1697,7121,57928,4927,6724,55705,3086,6929,56998,19081,4687,46285,24626,4365,42033,-2.045,3.793,-1.353,2.509,-1.099,2.038,-0.407,0.755,-6.572,12.191,-5.880,10.908,-6.682,12.395,-5.990,11.112,-1014,-672,-614,-272,-3438,-3096,-5345,-5004
Stoke-on-Trent,101528,1578,10799,67945,4191,10441,66271,2857,10620,67141,17688,8226,57964,28452,7077,50760,-1.529,2.835,-0.947,1.755,-0.832,1.543,-0.249,0.462,-5.637,10.456,-5.054,9.375,-6.857,12.720,-6.274,11.639,-779,-484,-506,-211,-2821,-2526,-5302,-5008
Stratford-on-Avon,50901,1271,5313,38758,2606,4980,37900,1958,5121,38336,7512,3607,34897,10649,3288,32426,-0.832,1.542,-0.482,0.894,-0.557,1.033,-0.207,0.384,-1.755,3.255,-1.405,2.607,-2.344,4.347,-1.994,3.699,-583,-333,-407,-157,-1476,-1226,-2918,-2668
Stroud,49392,1205,4525,37996,1978,4425,37413,1986,4404,37428,4856,3920,35376,9211,3310,32127,-0.702,1.302,-0.292,0.541,-0.647,1.200,-0.237,0.439,-1.351,2.507,-0.941,1.745,-2.050,3.802,-1.639,3.041,-562,-236,-546,-221,-1142,-817,-2547,-2222
Suffolk Coastal,50355,2649,4605,36939,4421,4332,35639,3625,4444,36239,10427,3321,31325,13599,3045,28806,-1.081,2.006,-0.470,0.872,-0.848,1.573,-0.237,0.439,-2.067,3.834,-1.456,2.700,-2.342,4.344,-1.730,3.210,-887,-381,-721,-215,-1903,-1397,-3107,-2601
Sunderland,114136,1590,11381,70750,5070,10900,68747,3170,11146,69885,22041,8097,59412,32132,7226,53027,-2.095,3.885,-1.397,2.589,-1.104,2.048,-0.406,0.752,-7.611,14.117,-6.912,12.822,-9.012,16.716,-8.313,15.421,-937,-624,-552,-238,-3295,-2982,-6009,-5695
Surrey Heath,38986,770,2712,29653,1755,2586,28916,1301,2630,29274,5825,1940,26014,8424,1745,23915,-0.424,0.785,-0.255,0.472,-0.263,0.488,-0.095,0.176,-1.246,2.310,-1.077,1.998,-1.561,2.894,-1.392,2.582,-446,-272,-292,-118,-1262,-1088,-2335,-2161
Sutton,89325,2028,7234,43422,4793,6895,41952,3823,7007,42522,16511,5033,35636,23482,4495,31961,-1.567,2.903,-0.843,1.560,-1.258,2.333,-0.534,0.990,-4.602,8.534,-3.878,7.191,-5.463,10.131,-4.739,8.788,-775,-439,-596,-260,-2378,-2043,-3808,-3472
Swale,56594,1360,6416,38830,2930,6087,37800,2314,6172,38240,9648,4464,33571,13001,4062,31105,-0.922,1.710,-0.522,0.968,-0.681,1.263,-0.281,0.522,-2.096,3.888,-1.696,3.146,-2.542,4.716,-2.143,3.974,-525,-295,-406,-176,-1446,-1216,-2611,-2382
Swindon,100946,4608,10437,66553,8713,9889,63892,7216,10069,64902,25462,7306,53326,32451,6631,48467,-2.028,3.761,-0.977,1.812,-1.638,3.038,-0.587,1.088,-5.858,10.867,-4.807,8.918,-5.673,10.524,-4.622,8.574,-1392,-670,-1123,-401,-3776,-3054,-5418,-4696
Tameside,94534,1403,9562,61194,4348,9147,59396,2716,9361,60417,18401,6758,51089,27034,5964,45411,-1.799,3.334,-1.182,2.191,-0.944,1.752,-0.328,0.609,-6.309,11.701,-5.693,10.558,-7.233,13.416,-6.617,12.273,-840,-552,-515,-227,-2973,-2685,-5231,-4943
Tamworth,35583,831,3090,26104,1709,2968,25501,1536,2969,25655,5671,2316,22887,8682,2028,20687,-0.432,0.800,-0.247,0.458,-0.292,0.542,-0.108,0.200,-1.360,2.523,-1.176,2.181,-1.850,3.431,-1.665,3.089,-334,-196,-239,-101,-947,-810,-1892,-1754
Tandridge,35563,322,2172,22619,822,2113,22269,619,2142,22407,3038,1740,20778,5792,1478,18835,-0.303,0.561,-0.177,0.327,-0.216,0.401,-0.090,0.167,-0.857,1.589,-0.731,1.355,-1.363,2.528,-1.237,2.295,-250,-148,-197,-94,-719,-616,-1621,-1518
Taunton Deane,47804,3447,7957,30698,5110,7535,29669,4968,7559,29772,10916,5942,26177,14493,5263,23735,-0.896,1.662,-0.312,0.578,-0.827,1.535,-0.243,0.451,-1.621,3.007,-1.037,1.923,-1.781,3.304,-1.197,2.220,-722,-247,-710,-235,-1419,-944,-2292,-1816
Teignbridge,50634,957,5961,36818,1536,5860,36419,1722,5813,36307,4112,5248,34786,9054,4395,31367,-0.595,1.104,-0.208,0.385,-0.553,1.026,-0.166,0.308,-1.036,1.922,-0.649,1.204,-1.840,3.414,-1.453,2.695,-419,-146,-481,-208,-825,-552,-2206,-1933
Telford and Wrekin,72229,1652,5869,52521,3461,5661,51245,2735,5720,51775,11854,4524,45517,18624,3952,40595,-1.135,2.105,-0.613,1.137,-0.802,1.487,-0.280,0.519,-3.357,6.227,-2.835,5.259,-4.188,7.768,-3.666,6.800,-721,-391,-543,-212,-2107,-1776,-3929,-3598
Tendring,48965,1703,5508,33702,3448,5156,32549,2574,5315,33135,10074,3670,28320,12512,3458,26457,-1.293,2.399,-0.684,1.269,-0.940,1.743,-0.330,0.613,-2.559,4.747,-1.949,3.617,-2.922,5.421,-2.313,4.290,-625,-324,-468,-168,-1494,-1193,-2482,-2181
Test Valley,52479,1680,5372,38078,3118,5111,37093,2760,5164,37346,9105,3854,33170,12621,3476,30493,-0.707,1.311,-0.314,0.582,-0.694,1.287,-0.301,0.558,-1.572,2.916,-1.179,2.187,-1.942,3.602,-1.549,2.873,-663,-295,-621,-253,-1515,-1147,-2713,-2345
Tewkesbury,36518,1786,3089,26983,3072,2898,26070,2667,2966,26350,7422,2200,23059,9926,2015,21103,-0.917,1.701,-0.428,0.794,-0.805,1.493,-0.316,0.586,-2.080,3.858,-1.590,2.951,-2.321,4.305,-1.831,3.398,-664,-301,-595,-233,-1504,-1141,-2445,-2082
Thanet,49684,1370,6421,31341,3016,6154,30302,2437,6231,30680,10539,4684,25758,14306,4146,23331,-1.105,2.050,-0.619,1.148,-0.851,1.578,-0.365,0.677,-2.906,5.391,-2.420,4.490,-3.054,5.665,-2.568,4.764,-500,-282,-385,-167,-1489,-1271,-2350,-2132
Three Rivers,38793,532,2391,25653,1414,2302,25014,1002,2349,25305,5275,1788,22301,8139,1571,20174,-0.460,0.852,-0.286,0.530,-0.290,0.537,-0.116,0.215,-1.342,2.489,-1.169,2.167,-1.666,3.089,-1.492,2.767,-367,-231,-258,-122,-1165,-1029,-2129,-1993
Thurrock,72435,1082,4264,45496,2962,4053,44216,1860,4156,44982,10791,2944,39031,15258,2691,35821,-1.050,1.947,-0.696,1.289,-0.564,1.046,-0.209,0.388,-3.166,5.872,-2.812,5.215,-3.754,6.963,-3.400,6.306,-687,-463,-383,-159,-2160,-1936,-3776,-3552
Tonbridge and Malling,53409,833,4668,35962,1856,4481,35269,1473,4541,35539,6494,3455,32295,10175,3068,29548,-0.421,0.780,-0.248,0.460,-0.306,0.567,-0.134,0.248,-1.120,2.077,-0.948,1.758,-1.541,2.858,-1.369,2.539,-398,-235,-292,-129,-1176,-1013,-2434,-2271
Torbay,50361,786,8459,33151,1388,8324,32780,1505,8320,32690,4800,7407,30815,10976,6159,26891,-0.412,0.764,-0.155,0.286,-0.440,0.816,-0.183,0.339,-0.954,1.770,-0.697,1.293,-1.637,3.037,-1.380,2.560,-243,-93,-280,-129,-627,-476,-1688,-1537
Torridge,23705,365,3376,17053,704,3296,16835,657,3303,16871,2386,2812,15846,4506,2367,14444,-0.245,0.454,-0.109,0.202,-0.173,0.321,-0.037,0.069,-0.462,0.857,-0.326,0.605,-0.748,1.388,-0.612,1.136,-170,-76,-171,-77,-386,-292,-959,-865
Tower Hamlets,112133,7807,20723,12634,13326,19354,12034,10232,20251,12405,32911,13422,9810,40552,12434,9037,-1.508,2.792,-0.558,1.029,-1.156,2.143,-0.205,0.380,-6.882,12.763,-5.932,11.000,-6.405,11.877,-5.454,10.115,-378,-149,-284,-54,-873,-643,-1192,-962
Trafford,100153,3415,8381,67208,7968,7826,64262,5730,8112,65712,25515,5286,53150,31800,4993,48655,-2.393,4.436,-1.329,2.463,-1.674,3.104,-0.610,1.131,-6.737,12.496,-5.674,10.523,-6.704,12.434,-5.640,10.461,-1624,-916,-1188,-480,-4596,-3888,-6795,-6087
Tunbridge Wells,49453,644,7737,28566,1550,7481,28044,1183,7599,28247,6296,5901,25542,10044,5101,23158,-0.239,0.443,-0.138,0.255,-0.192,0.356,-0.091,0.168,-0.768,1.425,-0.667,1.236,-1.048,1.944,-0.947,1.756,-269,-160,-201,-93,-831,-723,-1769,-1660
Uttlesford,34746,438,3159,24963,1074,3029,24523,687,3096,24799,3830,2359,22722,6021,2044,21091,-0.305,0.565,-0.195,0.361,-0.184,0.341,-0.074,0.137,-0.752,1.394,-0.642,1.190,-1.037,1.923,-0.927,1.719,-265,-170,-159,-65,-763,-668,-1588,-1493
Vale of White Horse,55676,3933,5191,37859,5676,4850,36723,5337,4990,36943,9956,3784,34012,13345,3516,31506,-1.269,2.354,-0.418,0.774,-1.206,2.237,-0.355,0.658,-1.880,3.487,-1.028,1.907,-2.333,4.328,-1.482,2.749,-1249,-426,-1219,-396,-2003,-1180,-3394,-2571
Wakefield,140858,1875,14442,95603,5313,13912,93445,3615,14132,94560,22056,10740,83431,34614,9391,74937,-1.880,3.483,-1.240,2.297,-1.086,2.014,-0.446,0.828,-6.643,12.321,-6.003,11.134,-8.814,16.348,-8.174,15.161,-1101,-723,-683,-305,-3687,-3309,-7421,-7043
Walsall,104529,1755,9496,71052,5279,9050,68768,3253,9272,70137,21627,6566,58536,30381,5896,52465,-2.230,4.133,-1.522,2.819,-1.109,2.056,-0.400,0.741,-7.907,14.665,-7.198,13.350,-8.763,16.253,-8.054,14.939,-1020,-702,-549,-231,-3727,-3408,-6320,-6001
Waltham Forest,112191,3308,7538,32543,6941,7143,31355,5154,7375,32034,20344,5080,26572,28689,4704,24102,-2.721,5.041,-1.295,2.396,-1.947,3.610,-0.520,0.965,-7.871,14.597,-6.445,11.951,-9.098,16.873,-7.672,14.228,-706,-380,-487,-162,-2014,-1689,-3111,-2786
Wandsworth,162576,12834,12554,24053,18712,11839,23151,18805,12018,23312,33843,8784,20339,46894,8031,18545,-4.206,7.794,-1.179,2.180,-3.898,7.230,-0.871,1.615,-9.359,17.356,-6.332,11.741,-11.273,20.907,-8.246,15.293,-915,-284,-872,-241,-1649,-1018,-2429,-1798
Warrington,91783,2594,7062,67832,6420,6613,65177,4438,6840,66577,21777,4511,54794,26994,4258,50645,-2.115,3.921,-1.275,2.363,-1.340,2.485,-0.500,0.927,-6.026,11.177,-5.186,9.619,-6.259,11.609,-5.419,10.051,-1279,-778,-835,-334,-3761,-3260,-5849,-5348
Warwick,61689,2179,7757,42858,4107,7372,41587,3424,7519,42040,12070,5499,36607,16488,4933,33378,-0.937,1.737,-0.459,0.850,-0.712,1.320,-0.234,0.434,-2.266,4.203,-1.788,3.316,-2.656,4.926,-2.178,4.040,-755,-375,-599,-219,-1905,-1525,-3327,-2947
Watford,43742,1073,6312,24462,2522,5944,23656,1758,6130,24079,8695,4137,20346,11408,3826,18602,-0.605,1.121,-0.347,0.642,-0.402,0.745,-0.143,0.266,-1.745,3.235,-1.486,2.756,-2.087,3.870,-1.828,3.391,-394,-229,-269,-104,-1160,-994,-1961,-1796
Waveney,44452,3007,5074,30309,4609,4788,29189,4076,4877,29560,9756,3753,25694,12537,3389,23632,-1.416,2.627,-0.534,0.990,-1.170,2.170,-0.287,0.533,-2.426,4.501,-1.544,2.864,-2.650,4.916,-1.767,3.279,-808,-302,-737,-232,-1555,-1050,-2435,-1930
Waverley,49556,883,4485,33671,1627,4362,33150,1438,4390,33289,4812,3675,31072,8507,3122,28443,-0.533,0.988,-0.252,0.467,-0.451,0.836,-0.170,0.315,-1.123,2.082,-0.841,1.560,-1.657,3.073,-1.376,2.552,-419,-201,-368,-150,-987,-770,-2168,-1950
Wealden,59710,691,4723,44114,1720,4568,43368,1239,4621,43730,6444,3660,40123,10711,3181,36867,-0.467,0.865,-0.290,0.536,-0.310,0.575,-0.133,0.246,-1.285,2.383,-1.108,2.055,-1.851,3.433,-1.673,3.104,-440,-274,-302,-136,-1299,-1133,-2817,-2650
Wellingborough,33141,530,3281,24353,1315,3156,23810,961,3200,24067,5014,2430,21395,7708,2122,19412,-0.390,0.723,-0.245,0.453,-0.255,0.473,-0.110,0.204,-1.281,2.376,-1.135,2.106,-1.668,3.093,-1.522,2.824,-296,-187,-193,-84,-915,-806,-1798,-1689
Welwyn Hatfield,47792,1365,5586,29454,2701,5301,28632,2182,5405,28956,8328,3920,25313,11458,3593,23090,-0.637,1.181,-0.333,0.616,-0.466,0.864,-0.161,0.299,-1.755,3.254,-1.450,2.688,-2.172,4.027,-1.867,3.462,-475,-250,-364,-139,-1268,-1043,-2299,-2074
West Berkshire,71285,2072,6662,50831,4203,6315,49387,3425,6438,49936,12734,4668,43831,17364,4244,40374,-1.155,2.143,-0.597,1.107,-0.853,1.581,-0.295,0.546,-2.772,5.141,-2.214,4.106,-3.222,5.977,-2.664,4.942,-899,-466,-719,-287,-2272,-1840,-3915,-3483
West Devon,20108,275,2881,14645,468,2828,14523,484,2823,14515,1350,2538,14013,3116,2098,12870,-0.148,0.274,-0.056,0.104,-0.150,0.279,-0.059,0.110,-0.253,0.469,-0.162,0.300,-0.428,0.794,-0.337,0.625,-124,-49,-133,-58,-267,-192,-748,-673
West Dorset,37794,1097,6538,26024,1890,6309,25541,1733,6340,25651,5651,5092,23376,8826,4370,21259,-0.359,0.665,-0.147,0.273,-0.312,0.578,-0.100,0.186,-0.649,1.204,-0.438,0.812,-0.872,1.617,-0.660,1.225,-326,-133,-302,-109,-732,-539,-1537,-1345
West Lancashire,46277,864,4598,33307,2237,4387,32366,1518,4481,32876,8033,3294,28615,11268,2958,26265,-0.719,1.333,-0.450,0.834,-0.521,0.967,-0.252,0.468,-2.026,3.758,-1.757,3.259,-2.382,4.418,-2.113,3.919,-560,-345,-385,-170,-1599,-1384,-2800,-2585
West Lindsey,36457,867,3539,28265,1819,3358,27591,1356,3428,27937,5262,2592,25266,7622,2325,23432,-0.713,1.323,-0.407,0.754,-0.450,0.835,-0.144,0.266,-1.382,2.565,-1.076,1.995,-1.663,3.085,-1.356,2.516,-511,-290,-357,-135,-1275,-1053,-2322,-2100
West Oxfordshire,49175,2291,5072,35019,3641,4788,34115,3039,4960,34495,8013,3700,31316,10952,3366,29131,-0.705,1.308,-0.288,0.534,-0.732,1.358,-0.315,0.584,-1.249,2.316,-0.831,1.542,-1.625,3.014,-1.207,2.239,-762,-313,-696,-247,-1450,-1001,-2654,-2205
West Somerset,11559,374,2142,7770,585,2070,7650,611,2058,7638,1446,1752,7182,2383,1493,6601,-0.141,0.262,-0.043,0.080,-0.146,0.270,-0.047,0.088,-0.193,0.358,-0.095,0.176,-0.259,0.481,-0.161,0.299,-113,-37,-128,-51,-204,-127,-443,-366
"Westminster,City of London",100541,5347,22293,9911,10449,20882,9499,7242,21887,9747,30873,14150,7899,37435,13345,7253,-1.380,2.557,-0.612,1.133,-0.939,1.742,-0.171,0.318,-4.745,8.800,-3.977,7.376,-4.210,7.808,-3.443,6.384,-271,-108,-207,-44,-640,-477,-896,-733
Weymouth and Portland,27124,1005,4130,16998,1612,3995,16642,1579,4002,16659,4282,3277,15179,6970,2803,13492,-0.455,0.844,-0.175,0.325,-0.378,0.702,-0.098,0.183,-0.884,1.641,-0.605,1.122,-1.178,2.185,-0.898,1.666,-250,-95,-243,-88,-565,-410,-1137,-982
Wigan,139400,2359,13363,99549,6916,12671,96551,4472,12999,98218,27095,9006,83855,37311,8233,76287,-2.727,5.054,-1.777,3.293,-1.425,2.643,-0.476,0.882,-8.913,16.533,-7.964,14.772,-10.158,18.842,-9.209,17.081,-1530,-999,-945,-414,-4943,-4412,-8572,-8041
Wiltshire,207547,6668,26837,146567,11693,25650,143357,10499,25905,144164,32131,20183,130914,46820,17803,120538,-2.399,4.449,-1.125,2.086,-2.089,3.874,-0.815,1.511,-5.267,9.770,-3.993,7.407,-6.825,12.661,-5.551,10.298,-2197,-1031,-1894,-728,-5129,-3963,-9878,-8712
Winchester,48936,1106,6790,33186,1934,6611,32643,1785,6630,32774,5377,5668,30584,9388,4772,28024,-0.420,0.779,-0.208,0.385,-0.351,0.651,-0.139,0.257,-0.982,1.821,-0.770,1.427,-1.423,2.640,-1.211,2.246,-441,-221,-383,-163,-1040,-820,-2262,-2042
Windsor and Maidenhead,63427,1695,6187,44016,3690,5841,42624,2604,6036,43378,11631,4193,37333,15447,3883,34330,-0.941,1.743,-0.549,1.017,-0.610,1.131,-0.218,0.404,-2.448,4.540,-2.056,3.813,-2.796,5.185,-2.404,4.459,-817,-484,-557,-223,-2254,-1920,-3797,-3463
Wirral,128897,2282,11258,84024,6491,10751,81407,4523,10960,82614,25423,8005,69990,35711,7214,63238,-3.034,5.626,-1.958,3.630,-1.833,3.401,-0.757,1.405,-9.405,17.447,-8.329,15.450,-10.434,19.355,-9.358,17.359,-1315,-833,-890,-408,-4261,-3780,-7178,-6696
Woking,45726,1345,4209,28228,2725,3970,27315,2146,4083,27683,8117,2862,23911,10773,2632,21920,-0.650,1.206,-0.355,0.657,-0.518,0.961,-0.222,0.412,-1.821,3.377,-1.525,2.828,-2.058,3.816,-1.762,3.268,-549,-303,-419,-173,-1462,-1216,-2438,-2191
Wokingham,70802,1947,4482,52194,4195,4243,50547,3318,4308,51222,12963,3139,44257,17725,2855,40532,-0.908,1.684,-0.521,0.965,-0.723,1.340,-0.335,0.622,-2.690,4.989,-2.302,4.270,-2.961,5.492,-2.574,4.773,-968,-564,-710,-306,-2753,-2349,-4523,-4119
Wolverhampton,97422,2180,9910,60641,5793,9397,58462,3836,9638,59683,22058,6762,48898,29732,6124,43884,-2.413,4.472,-1.516,2.809,-1.388,2.574,-0.491,0.910,-7.230,13.411,-6.333,11.747,-7.658,14.205,-6.761,12.541,-991,-619,-616,-244,-3342,-2970,-5363,-4991
Worcester,46056,2096,7684,29499,3563,7332,28611,3536,7334,28636,9622,5718,25106,13280,5034,22720,-0.852,1.581,-0.359,0.666,-0.710,1.318,-0.217,0.403,-1.803,3.345,-1.310,2.431,-1.965,3.644,-1.472,2.730,-550,-232,-517,-199,-1285,-967,-2109,-1792
Worthing,45606,2589,6898,27892,4934,6384,26442,4007,6557,27052,13594,4244,21250,15305,4149,19987,-1.025,1.902,-0.486,0.901,-0.804,1.491,-0.264,0.490,-2.466,4.575,-1.927,3.574,-2.311,4.287,-1.772,3.286,-646,-308,-514,-176,-1597,-1259,-2135,-1798
Wychavon,50035,1057,4527,38929,2235,4321,38091,1723,4394,38472,7057,3307,34838,10445,2971,32187,-0.706,1.309,-0.391,0.724,-0.519,0.962,-0.204,0.378,-1.695,3.144,-1.380,2.559,-2.204,4.088,-1.889,3.503,-573,-316,-429,-172,-1479,-1222,-2855,-2598
Wycombe,75270,1097,7210,53939,2419,7007,53007,1773,7077,53487,8606,5878,48865,15199,5006,44150,-0.507,0.940,-0.289,0.535,-0.330,0.611,-0.111,0.207,-1.587,2.943,-1.369,2.538,-2.184,4.051,-1.966,3.646,-603,-352,-399,-149,-1771,-1521,-3699,-3449
Wyre,43352,1348,3842,31625,3183,3595,30336,2197,3732,31021,10352,2494,25420,12658,2395,23567,-1.254,2.325,-0.724,1.343,-0.882,1.636,-0.352,0.654,-2.941,5.456,-2.412,4.474,-3.034,5.628,-2.505,4.646,-658,-374,-475,-190,-1808,-1524,-2760,-2475
Wyre Forest,41418,783,4156,30846,1760,3986,30170,1452,4024,30400,6312,3050,27153,9742,2677,24583,-0.510,0.945,-0.282,0.523,-0.351,0.651,-0.123,0.229,-1.332,2.469,-1.104,2.047,-1.855,3.440,-1.627,3.018,-366,-207,-275,-116,-1041,-882,-2144,-1984
York,89761,11143,17528,45279,15277,16366,43139,14714,16653,43384,25786,12967,37940,30581,11999,35128,-2.284,4.236,-0.609,1.129,-2.270,4.212,-0.596,1.105,-3.629,6.732,-1.954,3.625,-3.511,6.514,-1.836,3.407,-1992,-529,-2001,-537,-3063,-1600,-4067,-2603
